District,State,State No,Population,Confirmed,Active,Recovered,Deceased,Aged,Rank Number,Actual Number,Cluster
Thane,Maharashtra,17,11060148,251880,10009,236285,5527,984353.172,21599.65083,984353.172,1
Pune,Maharashtra,17,9429408,369065,13639,347678,7713,839217.312,17538.59951,839217.312,1
Surat,Gujarat,8,6081322,48350,1153,46241,956,425692.54,12666.18097,384280.284,2
Akola,Maharashtra,17,1813906,10360,531,9479,345,161437.634,12526.0993,321883.988,0
Durg,Chhattisgarh,6,3343872,21929,1458,19925,546,250790.4,11653.76452,344964.089,0
Nashik,Maharashtra,17,6107187,113524,2227,109430,1866,543539.643,10670.32624,414167.73,2
Aurangabad,Maharashtra,17,3701282,47419,1017,45191,1196,329414.098,9684.902405,376462.613,2
Osmanabad,Maharashtra,17,1657576,16739,252,15951,534,147524.264,9194.089397,299154.988,0
Solapur,Maharashtra,17,4317756,52790,1038,49998,1740,384280.284,8934.18992,543539.643,2
Ganjam,Odisha,22,3529031,21782,18,21510,254,292909.573,8860.355581,251170.727,3
Budaun,Uttar Pradesh,30,3681896,3814,94,3675,45,257732.72,8672.164686,229140.352,3
Unnao,Uttar Pradesh,30,3108367,4492,182,4228,82,217585.69,8591.450877,267332.949,3
Jalgaon,Maharashtra,17,4229917,55780,547,53778,1435,376462.613,8417.002342,425692.54,2
Vellore,Tamil Nadu,27,3936331,20094,217,19538,339,350333.459,8308.468215,329414.098,3
Agra,Uttar Pradesh,30,4418797,10117,228,9719,170,309315.79,8168.119096,320688.76,3
Sagar,Madhya Pradesh,16,2378458,4872,196,4529,147,171248.976,7624.174787,319265.274,0
Sangli,Maharashtra,17,2822143,49977,265,47946,1763,251170.727,7356.800789,413559.148,2
Gonda,Uttar Pradesh,30,3433919,5009,74,4868,67,240374.33,7211.271905,246738.972,3
Samastipur,Bihar,4,4261566,5148,71,5043,34,285524.922,7015.689907,152275.548,0
Bhiwani,Haryana,9,1634445,6213,60,6016,137,124217.82,6640.577887,211445.716,0
Ramanathapuram,Tamil Nadu,27,1353445,6295,23,6140,132,120456.605,6443.482371,201810.28,3
Bathinda,Punjab,24,1388525,9010,202,8607,201,127744.3,6403.077582,218423.444,3
Basti,Uttar Pradesh,30,2464464,4996,65,4834,97,172512.48,6244.313803,250790.4,3
Nanded,Maharashtra,17,3361292,21117,556,19907,649,299154.988,6208.029243,419855.447,2
Ludhiana,Punjab,24,3498739,24515,437,23124,954,321883.988,6205.659155,504370.297,2
Mau,Uttar Pradesh,30,2205968,3031,49,2943,39,154417.76,5990.386082,163411.654,3
Dhule,Maharashtra,17,2050862,15551,307,14898,343,182526.718,5967.143496,270404.428,3
Sangrur,Punjab,24,1655169,4341,40,4101,200,152275.548,5910.373489,350333.459,3
Barmer,Rajasthan,25,2603751,4898,154,4697,47,177055.068,5806.585113,145969.5,3
Ballia,Uttar Pradesh,30,3239774,7692,183,7407,102,226784.18,5701.839466,226066.497,3
Yavatmal,Maharashtra,17,2772348,13481,495,12588,394,246738.972,5407.097006,355844.428,3
Saran,Bihar,4,3951862,7002,250,6700,52,264774.754,5376.060157,161437.634,0
Salem,Tamil Nadu,27,3482056,31287,337,30494,456,309902.984,5266.893796,286499.15,3
Murshidabad,West Bengal,32,7103807,11785,358,11282,145,504370.297,5263.82685,331801.256,3
Birbhum,West Bengal,32,3502404,9417,350,8983,84,248670.684,5252.36371,174403.112,3
Purba Medinipur,West Bengal,32,5095875,19818,661,18890,267,361807.125,5197.556946,309315.79,3
Bilaspur,Chhattisgarh,6,2663629,17417,303,16927,187,199772.175,5166.995001,171248.976,0
Paschim Medinipur,West Bengal,32,5913457,19613,579,18744,290,419855.447,5131.90573,334040.42,3
Kancheepuram,Tamil Nadu,27,3998252,28496,284,27779,433,355844.428,5112.756447,322973.91,3
Tonk,Rajasthan,25,1421326,3335,231,3070,34,96650.168,5064.241286,103005.684,3
Varanasi,Uttar Pradesh,30,3676841,22114,696,20993,425,257378.87,5032.459695,310862.65,3
Bijnor,Uttar Pradesh,30,3682713,4225,129,4038,58,257789.91,4958.821542,257071.605,3
Pratapgarh,Rajasthan,25,3209141,1164,88,1057,19,218221.588,4946.460264,257378.87,3
Tarn Taran,Punjab,24,1119627,2095,11,1981,103,103005.684,4932.486395,313879.44,3
Chennai,Tamil Nadu,27,4646732,223509,2982,216551,3976,413559.148,4874.483034,361807.125,1
Latur,Maharashtra,17,2454196,23094,407,22006,677,218423.444,4855.964593,347839.646,3
Kokrajhar,Assam,3,887142,408,43,353,12,55002.804,4847.97428,143741.141,0
Kolkata,West Bengal,32,4496694,121313,3842,114574,2897,319265.274,4847.215549,366899.6,2
Nandurbar,Maharashtra,17,1648295,7870,374,7328,167,146698.255,4815.469723,238389.13,0
Firozabad,Uttar Pradesh,30,2498156,3792,52,3672,68,174870.92,4779.359318,241058.23,3
Sehore,Madhya Pradesh,16,1311332,2614,84,2482,48,94415.904,4706.252242,147524.264,0
Moradabad,Uttar Pradesh,30,4772006,11456,275,11005,176,334040.42,4666.7142,314594.28,3
Koppal,Karnataka,13,1389920,13849,94,13476,279,109803.68,4650.389129,174355.094,0
Raisen,Madhya Pradesh,16,1331597,2302,52,2208,42,95874.984,4640.028161,149309.072,0
Nayagarh,Odisha,22,962789,6423,2,6375,46,79911.487,4586.792837,71365.1,3
Patiala,Punjab,24,1895686,15573,254,14850,469,174403.112,4578.806783,321288.66,3
Sitapur,Uttar Pradesh,30,4483992,4709,104,4531,74,313879.44,4516.756657,309902.984,3
Ujjain,Madhya Pradesh,16,1986864,4511,222,4188,101,143054.208,4481.877192,244141.17,0
Coimbatore,Tamil Nadu,27,3458045,51696,948,50106,642,307766.005,4219.912005,265798.19,2
Nadia,West Bengal,32,5167600,21194,688,20226,280,366899.6,4156.79792,304790.4,3
Karimganj,Assam,3,1228686,1200,219,955,26,76178.532,4059.516114,145914.817,0
Ajmer,Rajasthan,25,2583052,16290,295,15779,216,175647.536,4025.893072,182526.718,3
Shahjahanpur,Uttar Pradesh,30,3006538,6786,72,6603,111,210457.66,4008.997607,253418.76,3
Tiruppur,Tamil Nadu,27,2479052,16787,416,16157,214,220635.628,3971.956056,217585.69,3
Kolhapur,Maharashtra,17,3876001,49049,529,46860,1657,344964.089,3949.301269,450580.104,2
East Godavari,Andhra Pradesh,1,5154296,123454,429,122389,636,396880.792,3895.112266,167852.16,2
Ratnagiri,Maharashtra,17,1615069,11089,454,10259,374,143741.141,3822.070921,307766.005,0
Dharwad,Karnataka,13,1847023,21782,127,21049,606,145914.817,3800.549683,273873.737,0
Visakhapatnam,Andhra Pradesh,1,4290589,58980,268,58163,549,330375.353,3787.322991,235922.184,2
Sundargarh,Odisha,22,2093437,14444,375,13902,167,173755.271,3706.309775,165082.271,3
Davanagere,Karnataka,13,1945497,21951,143,21544,264,153694.263,3642.147929,151007.5,0
Lucknow,Uttar Pradesh,30,4589838,76975,2884,72994,1097,321288.66,3631.415683,290045.84,2
Vadodara,Gujarat,8,4165626,23892,1801,21858,233,291593.82,3562.036218,218221.588,2
Amravati,Maharashtra,17,2888445,19596,445,18771,378,257071.605,3554.316465,311385.13,3
Kangra,Himachal Pradesh,10,1510075,7463,729,6552,180,151007.5,3538.891162,257789.91,0
Betul,Madhya Pradesh,16,1575362,3136,80,2989,67,113426.064,3503.639425,192219.975,0
Kushinagar,Uttar Pradesh,30,3564544,5613,71,5482,60,249518.08,3442.499299,210457.66,3
Dehradun,Uttarakhand,31,1696694,26322,1565,23536,818,149309.072,3415.619702,292909.573,3
Mirzapur,Uttar Pradesh,30,2496970,3357,149,3166,42,174787.9,3349.421576,172512.48,3
Kanpur Nagar,Uttar Pradesh,30,4581268,32037,641,30580,816,320688.76,3347.774077,376361.601,3
Bidar,Karnataka,13,1703300,7223,66,6982,171,134560.7,3308.35994,242646.74,0
Prakasam,Andhra Pradesh,1,3397448,61970,155,61237,578,261603.496,3276.85181,196183.323,2
Mathura,Uttar Pradesh,30,2547184,6602,225,6268,109,178302.88,3220.673489,219373.875,3
Farrukhabad,Uttar Pradesh,30,1885204,4556,73,4401,82,131964.28,3215.821438,184291.31,3
Kapurthala,Punjab,24,815168,4664,103,4367,194,74995.456,3215.228529,240374.33,3
Jammu,Jammu and Kashmir,11,1529958,23243,851,22042,350,107097.06,3202.942804,143054.208,0
Siwan,Bihar,4,3330464,4623,80,4512,31,223141.088,3185.640338,134560.7,0
Thiruvallur,Tamil Nadu,27,3728104,42359,466,41221,672,331801.256,3146.119734,321402.928,2
Gaya,Bihar,4,4391418,7713,150,7504,59,294225.006,3135.870849,174870.92,0
Sonipat,Haryana,9,1450001,14393,275,14040,78,110200.076,3119.450766,74995.456,0
West Godavari,Andhra Pradesh,1,3936966,93721,240,92948,533,303146.382,3112.910859,146698.255,2
Madurai,Tamil Nadu,27,3038252,20392,223,19719,450,270404.428,3075.213076,330375.353,3
Singrauli,Madhya Pradesh,16,1178273,1834,81,1727,26,84835.656,3067.30578,115768.886,0
Purnia,Bihar,4,3264619,9224,80,9122,22,218729.473,3062.202839,62985.684,0
Nalbari,Assam,3,771639,948,104,828,16,47841.618,3055.859768,91608.632,0
Muzaffarnagar,Uttar Pradesh,30,4143512,8067,381,7585,101,290045.84,3040.894806,257732.72,3
Satara,Maharashtra,17,3003741,54111,855,51507,1739,267332.949,3026.053371,391177.155,2
Raipur,Chhattisgarh,6,4063872,51473,6474,44297,702,304790.4,3012.061609,274972.066,2
Jalpaiguri,West Bengal,32,3872846,14150,437,13558,155,274972.066,3007.278422,226784.18,3
Chittoor,Andhra Pradesh,1,4174064,85711,406,84466,839,321402.928,2991.798744,242283.81,2
Anantapur,Andhra Pradesh,1,4081148,67223,159,66468,596,314248.396,2989.534747,217066.22,2
Patna,Bihar,4,5838465,47442,2040,45035,367,391177.155,2965.438858,228248.93,2
Shrawasti,Uttar Pradesh,30,1117361,1276,27,1231,18,78215.27,2957.936026,111298.608,3
Bhavnagar,Gujarat,8,2880365,5714,97,5549,68,201625.55,2944.060666,187929.21,0
South Goa,Goa,7,640537,3511,1978,1407,126,64053.7,2943.806938,178302.88,0
Thiruvananthapuram,Kerala,14,3301427,79740,3391,75651,629,349951.262,2927.331474,214124.21,2
Jalaun,Uttar Pradesh,30,1689974,3858,115,3698,45,118298.18,2849.789593,127744.3,3
Sivasagar,Assam,3,1151050,529,22,473,34,71365.1,2843.6865,291593.82,0
Barabanki,Uttar Pradesh,30,3260699,7620,82,7439,99,228248.93,2837.556264,224639.87,3
Maharajganj,Uttar Pradesh,30,2684703,5745,12,5643,90,187929.21,2812.65416,220635.628,3
Azamgarh,Uttar Pradesh,30,4613913,5938,150,5694,94,322973.91,2786.130364,314248.396,3
Gurdaspur,Punjab,24,2298323,7833,134,7453,246,211445.716,2760.463148,349951.262,3
Chhindwara,Madhya Pradesh,16,2090922,2620,32,2548,40,150546.384,2757.746015,177356.808,0
Junagadh,Gujarat,8,2743082,4786,268,4485,33,192015.74,2739.069884,124217.82,0
Chandrapur,Maharashtra,17,2204307,22930,788,21758,383,196183.323,2667.21628,249518.08,3
Malappuram,Kerala,14,4112920,87415,5173,81914,318,435969.52,2661.591941,142170.49,2
Rupnagar,Punjab,24,684627,3291,201,2930,160,62985.684,2652.366747,231926.346,3
Hisar,Haryana,9,1743931,16848,115,16420,313,132538.756,2618.388412,197565,0
Valsad,Gujarat,8,1705678,1348,17,1322,9,119397.46,2605.709371,91023.768,0
Ambedkar Nagar,Uttar Pradesh,30,2397888,1853,66,1744,43,167852.16,2555.923408,266319.06,3
Erode,Tamil Nadu,27,2251744,13445,304,12998,143,200405.216,2529.830678,170716.392,3
Panipat,Haryana,9,1205437,10409,315,9949,145,91613.212,2525.857321,120456.605,0
Gorakhpur,Uttar Pradesh,30,4440895,20817,294,20186,337,310862.65,2511.704441,312116.651,3
Sirsa,Haryana,9,1295189,7892,93,7687,112,98434.364,2497.066242,130797.03,0
Vaishali,Bihar,4,3495021,5343,86,5210,46,234166.407,2494.171375,167303.001,0
Bhojpur,Bihar,4,2728407,4934,66,4826,42,182803.269,2473.301092,139902.21,0
Dhemaji,Assam,3,686133,765,317,440,8,42540.246,2469.324941,55214.996,0
Udham Singh Nagar,Uttarakhand,31,1648902,10961,186,10557,108,145103.376,2462.288177,132538.756,3
Dakshina Kannada,Karnataka,13,2089649,32693,339,31618,734,165082.271,2440.000398,261603.496,0
Haveri,Karnataka,13,1597668,10946,40,10716,190,126215.772,2423.76904,172863.632,0
Morena,Madhya Pradesh,16,1965970,3182,24,3132,26,141549.84,2423.324718,113426.064,0
Gwalior,Madhya Pradesh,16,2032036,15708,341,15174,193,146306.592,2405.921523,150406.55,0
Shivpuri,Madhya Pradesh,16,1726050,3447,64,3355,28,124275.6,2403.876402,104783.705,0
Kurnool,Andhra Pradesh,1,4053463,60517,92,59938,487,312116.651,2399.464012,201625.55,2
Jabalpur,Madhya Pradesh,16,2463289,15242,445,14560,237,177356.808,2393.646295,213506.514,0
Pali,Rajasthan,25,2037573,10529,310,10111,108,138554.964,2375.125311,131964.28,3
Kurukshetra,Haryana,9,964655,8479,211,8147,121,73313.78,2342.393232,106547.24,0
Tikamgarh,Madhya Pradesh,16,1445166,1236,47,1162,27,104051.952,2329.028188,175647.536,0
Mandsaur,Madhya Pradesh,16,1340411,2556,110,2413,33,96509.592,2318.820093,119179.989,0
Etawah,Uttar Pradesh,30,1581810,5667,137,5427,103,110726.7,2313.21644,166438.194,3
Bilaspur,Himachal Pradesh,10,2663629,2779,236,2519,23,266362.9,2300.20915,173295.416,0
Yadgir,Karnataka,13,1174271,10567,39,10467,61,92767.409,2298.708711,64053.7,0
Haridwar,Uttarakhand,31,1890422,13181,434,12488,145,166357.136,2298.418141,150546.384,3
Pudukkottai,Tamil Nadu,27,1618345,11361,64,11143,154,144032.705,2278.992521,157377.096,3
Jodhpur,Rajasthan,25,3687165,43239,1423,41534,282,250727.22,2275.592773,143864.05,3
Kupwara,Jammu and Kashmir,11,870354,5476,144,5242,90,60924.78,2272.979514,104051.952,0
Krishna,Andhra Pradesh,1,4517398,47420,674,46084,662,347839.646,2270.204173,307839.697,2
Jalna,Maharashtra,17,1959046,12635,175,12122,337,174355.094,2250.651528,294225.006,3
Hamirpur,Uttar Pradesh,30,1104285,1551,19,1511,21,77299.95,2238.304431,106829.726,3
Tiruvannamalai,Tamil Nadu,27,2464875,19072,109,18683,280,219373.875,2218.151951,248670.684,3
Cuttack,Odisha,22,2624470,28610,222,28246,142,217831.01,2212.089455,109803.68,3
Puducherry,Puducherry,23,950289,30332,188,29629,515,76023.12,2204.540146,121375.679,3
Jaipur,Rajasthan,25,6626178,56361,3881,51986,494,450580.104,2204.514718,266362.9,2
Etah,Uttar Pradesh,30,1774480,2486,83,2376,27,124213.6,2190.845671,126215.772,3
Bhandara,Maharashtra,17,1200334,12457,635,11559,261,106829.726,2186.801306,174787.9,0
Deoria,Uttar Pradesh,30,3100946,6680,106,6482,92,217066.22,2183.517193,224926.524,3
Krishnagiri,Tamil Nadu,27,1879809,7781,85,7580,116,167303.001,2144.881326,199772.175,3
Mainpuri,Uttar Pradesh,30,1868529,3719,109,3539,71,130797.03,2131.494647,200405.216,3
Indore,Madhya Pradesh,16,3276697,53011,3925,48235,851,235922.184,2106.751424,263804.795,2
Shahid Bhagat Singh Nagar,Punjab,24,612310,2337,66,2190,81,56332.52,2069.124604,160483.32,3
Raigarh,Chhattisgarh,6,2634200,20825,381,20168,276,197565,2047.100073,208652.56,0
Amritsar,Punjab,24,2490656,14321,539,13240,542,229140.352,2044.617126,396880.792,3
Wardha,Maharashtra,17,1300774,9247,483,8515,245,115768.886,2016.031094,234166.407,0
Jhajjar,Haryana,9,958405,5762,131,5545,86,72838.78,2012.502174,110726.7,0
Dindigul,Tamil Nadu,27,2159775,10808,135,10476,197,192219.975,2010.559041,255363.854,3
Kolar,Karnataka,13,1536401,9635,115,9345,175,121375.679,2008.940025,173755.271,0
Ariyalur,Tamil Nadu,27,754894,4625,10,4567,48,67185.566,1992.898084,81800.8,3
Seoni,Madhya Pradesh,16,1379131,1465,41,1414,10,99297.432,1990.426206,81401,0
Banswara,Rajasthan,25,1797485,2029,231,1766,32,122228.98,1986.899649,154417.76,3
Karnal,Haryana,9,1505324,10639,265,10229,145,114404.624,1980.911634,140337.259,0
Tirunelveli,Tamil Nadu,27,3077233,15205,128,14866,211,273873.737,1966.336472,264774.754,3
Nawada,Bihar,4,2219146,4117,159,3935,23,148682.782,1962.460551,92279.58,0
Kottayam,Kerala,14,1974551,47849,6575,41133,139,209302.406,1956.867206,75618.939,2
Sivaganga,Tamil Nadu,27,1339101,6476,44,6306,126,119179.989,1954.301778,182058.644,3
Gopalganj,Bihar,4,2562012,5698,81,5602,15,171654.804,1952.475003,56332.52,0
Bhagalpur,Bihar,4,3037766,9315,146,9094,75,203530.322,1952.384201,144032.705,0
Nagapattinam,Tamil Nadu,27,1616450,8029,114,7788,127,143864.05,1929.196893,176991.45,3
Churu,Rajasthan,25,2039547,4268,129,4099,40,138689.196,1927.711868,122228.98,3
Rohtak,Haryana,9,1061204,11978,192,11642,144,80651.504,1926.756302,101395.552,0
Patan,Gujarat,8,1343734,4111,87,3972,52,94061.38,1900.567295,115624.513,0
Baghpat,Uttar Pradesh,30,1303048,2246,133,2079,34,91213.36,1898.341254,130379.13,3
Bahraich,Uttar Pradesh,30,3487731,4031,75,3882,74,244141.17,1885.751346,285524.922,3
Karbi Anglong,Assam,3,956313,632,69,552,11,59291.406,1862.944184,105039,0
Nagaon,Assam,3,2823768,4515,1983,2506,26,175073.616,1857.974126,104764.968,0
Jind,Haryana,9,1334152,4631,182,4361,88,101395.552,1848.448164,153694.263,0
Bankura,West Bengal,32,3596674,11177,416,10673,88,255363.854,1830.042118,166357.136,3
Raichur,Karnataka,13,1928812,14137,102,13877,158,152376.148,1797.630032,146306.592,0
Araria,Bihar,4,2811569,7118,28,7068,22,188375.123,1777.072364,71592.836,0
Surendranagar,Gujarat,8,1756268,3387,223,3152,12,122938.76,1751.789004,54564.984,0
Ramanagara,Karnataka,13,1082636,7364,52,7236,76,85528.244,1749.239467,95874.984,0
Mandya,Karnataka,13,1805769,19300,202,18951,147,142655.751,1747.672251,110428.5,0
Rajsamand,Rajasthan,25,1156597,3700,354,3306,40,78648.596,1733.727427,94415.904,3
Rae Bareli,Uttar Pradesh,30,3405559,5099,222,4774,103,238389.13,1724.021667,303146.382,3
Namakkal,Tamil Nadu,27,1726601,11048,182,10758,108,153667.489,1715.686969,136692.92,3
Sonbhadra,Uttar Pradesh,30,1862559,4945,220,4653,72,130379.13,1703.008552,152376.148,3
Dhar,Madhya Pradesh,16,2185793,3729,144,3531,54,157377.096,1698.9767,177055.068,0
Balangir,Odisha,22,1648997,8375,105,8232,38,136866.751,1650.534885,76178.532,3
Madhubani,Bihar,4,4487379,7553,62,7459,32,300654.393,1639.082714,120062.81,0
Bhopal,Madhya Pradesh,16,2371061,37992,2030,35399,563,170716.392,1638.730493,203530.322,2
Guntur,Andhra Pradesh,1,4887813,74423,487,73274,662,376361.601,1635.215349,250727.22,2
Rewari,Haryana,9,900332,11249,205,10971,73,68425.232,1617.729546,55002.804,0
Vizianagaram,Andhra Pradesh,1,2344474,40998,66,40694,238,180524.498,1612.699337,107097.06,0
Lalitpur,Uttar Pradesh,30,1221592,3268,79,3143,46,85511.44,1588.073066,115963.12,3
Nagpur,Maharashtra,17,4653570,122888,4601,115105,3166,414167.73,1585.978639,435969.52,2
Damoh,Madhya Pradesh,16,1264219,2585,144,2367,74,91023.768,1569.359981,208139.778,0
Hamirpur,Himachal Pradesh,10,454768,2717,219,2454,43,45476.8,1562.161611,84005.24,0
Bastar,Chhattisgarh,6,1413199,7531,161,7287,83,105989.925,1559.232061,114404.624,0
Washim,Maharashtra,17,1197160,6732,240,6342,148,106547.24,1556.087783,182803.269,0
Shimla,Himachal Pradesh,10,814010,9856,704,8873,241,81401,1555.759982,163507.33,0
Khagaria,Bihar,4,1666886,3049,29,3008,12,111681.362,1550.160492,54788.484,0
Banka,Bihar,4,2034763,3403,101,3283,19,136329.121,1541.881383,86578.03,0
Alirajpur,Madhya Pradesh,16,728999,1221,53,1155,13,52487.928,1519.424332,70817.092,0
Darbhanga,Bihar,4,3937385,4007,37,3938,32,263804.795,1503.744177,170287.632,0
West Tripura,Tripura,29,1725739,11559,85,11273,190,115624.513,1502.18038,153667.489,3
Pratapgarh,Uttar Pradesh,30,867848,5225,181,4978,66,60749.36,1501.068802,89377.2,3
Rajgarh,Madhya Pradesh,16,1545814,2220,106,2055,59,111298.608,1496.295326,223141.088,0
Dharmapuri,Tamil Nadu,27,1506843,6337,80,6204,53,134109.027,1485.016473,112048.8,3
Neemuch,Madhya Pradesh,16,826067,2857,95,2725,37,59476.824,1458.124466,89389.368,0
Dausa,Rajasthan,25,1634409,2369,109,2237,23,111139.812,1453.054394,108913.032,3
Parbhani,Maharashtra,17,1836086,7529,215,7027,276,163411.654,1448.506278,330847.2,0
Sant Kabir Nagar,Uttar Pradesh,30,1715183,3223,78,3101,44,120062.81,1429.720396,145103.376,3
Srinagar,Jammu and Kashmir,11,1236829,24931,639,23848,444,86578.03,1421.211471,138554.964,0
Mahasamund,Chhattisgarh,6,1032754,7622,407,7101,114,77456.55,1403.069055,113536.351,0
Sikar,Rajasthan,25,2677333,8850,176,8579,95,182058.644,1399.354842,160747.716,3
Karur,Tamil Nadu,27,1064493,5096,85,4962,49,94739.877,1396.939742,98434.364,3
Golaghat,Assam,3,1066888,3803,2101,1656,46,66147.056,1380.789942,91213.36,0
Cuddalore,Tamil Nadu,27,2605914,24571,101,24189,281,231926.346,1380.100201,209138.254,3
Barpeta,Assam,3,1693622,1121,84,1024,13,105004.564,1379.838844,118298.18,0
Surguja,Chhattisgarh,6,2359886,7156,573,6505,78,176991.45,1372.856568,155765.664,0
Kaushambi,Uttar Pradesh,30,1599596,2245,21,2198,26,111971.72,1369.777949,121478.025,3
Nalanda,Bihar,4,2877653,8028,94,7879,55,192802.751,1349.061675,124213.6,0
Fatehgarh Sahib,Punjab,24,600163,2482,35,2336,111,55214.996,1340.566794,198314.506,3
Gadag,Karnataka,13,1064570,10885,37,10707,141,84101.03,1337.710674,110885.011,0
Chamba,Himachal Pradesh,10,519080,2767,196,2519,49,51908,1336.399789,99160.864,0
Balrampur,Uttar Pradesh,30,2148665,2063,79,1951,33,150406.55,1323.969841,192015.74,3
Virudhunagar,Tamil Nadu,27,1942288,16261,94,15939,228,172863.632,1320.895696,192802.751,3
Kalahandi,Odisha,22,1576869,6275,41,6205,29,130880.127,1318.855331,75508.44,3
Ghazipur,Uttar Pradesh,30,3620268,5057,91,4886,80,253418.76,1314.708585,267438.318,3
Jalandhar,Punjab,24,2193590,19669,487,18554,628,201810.28,1312.541192,347933.128,3
Rohtas,Bihar,4,2959918,6657,60,6552,45,198314.506,1307.767966,125958.7,0
Rampur,Uttar Pradesh,30,2335819,5360,89,5220,51,163507.33,1299.804992,138689.196,3
Sawai Madhopur,Rajasthan,25,1335551,2046,183,1838,25,90817.468,1296.777185,111971.72,3
Umaria,Madhya Pradesh,16,644758,1199,33,1150,16,46422.576,1290.778917,76023.12,0
Chikkaballapura,Karnataka,13,1255104,12803,204,12482,116,99153.216,1288.322159,96568.15,0
Alwar,Rajasthan,25,3674179,21154,251,20826,77,249844.172,1279.126571,97422.71,3
Sabarkantha,Gujarat,8,2428589,2719,143,2563,13,170001.23,1276.195221,91613.212,0
Bareilly,Uttar Pradesh,30,4448359,13842,330,13354,158,311385.13,1274.966048,257172.23,3
Meerut,Uttar Pradesh,30,3443689,21335,1016,19896,423,241058.23,1273.790584,300654.393,3
Dhanbad,Jharkhand,12,2684487,7339,51,7186,102,166438.194,1271.953343,180683.686,0
Hardoi,Uttar Pradesh,30,4092845,5766,104,5556,106,286499.15,1271.762613,321671.154,3
Hoshiarpur,Punjab,24,1586625,7617,185,7129,303,145969.5,1261.717419,327715.15,3
Sonitpur,Assam,3,1924110,2548,802,1727,19,119294.82,1246.015847,96509.592,0
Pratapgarh,Rajasthan,25,867848,1164,88,1057,19,59013.664,1223.521894,99977.7,3
Tinsukia,Assam,3,1327929,3366,1526,1798,42,82331.598,1217.715773,105004.564,0
Mansa,Punjab,24,769751,2377,44,2282,51,70817.092,1208.625095,137539.708,3
Thrissur,Kerala,14,3121200,71491,6435,64735,313,330847.2,1205.546714,132668.952,2
Thoubal,Manipur,18,422168,2255,2192,23,40,42216.8,1203.649367,85511.44,0
Sitamarhi,Bihar,4,3423574,4300,135,4151,14,229379.458,1202.686505,84835.656,0
Jhabua,Madhya Pradesh,16,1025048,2284,99,2159,26,73803.456,1189.781549,94061.38,0
Sambalpur,Odisha,22,1041099,9193,180,8937,76,86411.217,1181.680517,83147.34,3
Nainital,Uttarakhand,31,954605,10755,1030,9469,200,84005.24,1179.407056,140994.59,3
Mayurbhanj,Odisha,22,2519738,13790,101,13598,91,209138.254,1175.261453,127864.46,3
Rajnandgaon,Chhattisgarh,6,1537133,17795,1232,16402,161,115284.975,1168.12694,105989.925,0
Uttar Dinajpur,West Bengal,32,3007134,6333,160,6102,71,213506.514,1163.585174,186888.859,3
Datia,Madhya Pradesh,16,786754,1798,51,1727,20,56646.288,1158.494691,77456.55,0
Srikakulam,Andhra Pradesh,1,2703114,45889,163,45380,346,208139.778,1156.598364,141549.84,0
Hassan,Karnataka,13,1776421,27842,262,27187,393,140337.259,1152.02703,163299.825,0
Chandauli,Uttar Pradesh,30,1952756,4621,144,4419,58,136692.92,1134.046712,146492.15,3
Thiruvarur,Tamil Nadu,27,1264277,10844,111,10624,109,112520.653,1131.017209,112520.653,3
Guna,Madhya Pradesh,16,1241519,1410,82,1305,23,89389.368,1121.631442,134109.027,0
Shahdol,Madhya Pradesh,16,1066063,2893,70,2793,30,76756.536,1109.695372,90817.468,0
Barwani,Madhya Pradesh,16,1385881,2648,118,2508,22,99783.432,1108.909218,91640.255,0
Jhalawar,Rajasthan,25,1411129,3313,129,3162,22,95956.772,1103.350198,78215.27,3
Anand,Gujarat,8,2092745,2196,85,2094,17,146492.15,1091.0453,112587.48,0
Aurangabad,Bihar,4,3701282,5083,75,4993,15,247985.894,1089.411607,84101.03,0
Deoghar,Jharkhand,12,1492073,3584,19,3542,23,92508.526,1087.14596,72838.78,0
Kannauj,Uttar Pradesh,30,1656616,3432,41,3344,47,115963.12,1086.54894,142655.751,3
Aurangabad,Maharashtra,17,2540073,47419,1017,45191,1196,226066.497,1086.182539,327147.058,2
Pratapgarh,Uttar Pradesh,30,3209141,5225,181,4978,66,224639.87,1081.160652,217831.01,3
Bundi,Rajasthan,25,1110906,2763,259,2487,17,75541.608,1080.558549,56810.736,3
Dewas,Madhya Pradesh,16,1563715,2683,105,2552,26,112587.48,1079.027316,111139.812,0
Katni,Madhya Pradesh,16,1292042,2080,57,2006,17,93027.024,1066.449008,85754.6,0
Mandi,Himachal Pradesh,10,999777,9397,1076,8206,115,99977.7,1064.487273,119015.596,0
Kamrup,Assam,3,1517542,4590,2482,2074,34,94087.604,1052.379406,81647.104,0
Bharatpur,Rajasthan,25,2548462,8890,176,8596,118,173295.416,1047.973775,180524.498,3
Chitradurga,Karnataka,13,1659456,14171,176,13927,68,131097.024,1046.614423,77299.95,0
Imphal East,Manipur,18,456113,5366,5146,150,70,45611.3,1046.228036,73313.78,0
Sultanpur,Uttar Pradesh,30,3797117,4724,259,4390,75,265798.19,1044.418319,279349.75,3
Puri,Odisha,22,1698730,13987,121,13749,117,140994.59,1043.039082,115284.975,3
Dhenkanal,Odisha,22,1192811,5688,12,5648,28,99003.313,1031.970657,59291.406,3
Dungarpur,Rajasthan,25,1388552,4500,486,3980,34,94421.536,1027.310462,82331.598,3
Karauli,Rajasthan,25,1458248,1484,55,1409,20,99160.864,1009.491444,124275.6,3
Viluppuram,Tamil Nadu,27,3458873,14916,84,14722,110,307839.697,1008.175949,175073.616,3
Lakhimpur,Assam,3,1042137,3006,1847,1135,24,64612.494,1001.320327,60924.78,0
Kheda,Gujarat,8,2299885,2847,114,2717,16,160991.95,985.3390877,96650.168,0
Bhilwara,Rajasthan,25,2408523,9326,350,8938,38,163779.564,969.5956071,80651.504,3
Hazaribagh,Jharkhand,12,1734495,4335,68,4232,35,107538.69,968.5926202,95491.838,0
Navsari,Gujarat,8,1329672,1555,23,1524,8,93077.04,963.2814538,59013.664,0
Doda,Jammu and Kashmir,11,409936,3356,90,3205,61,28695.52,949.9596413,62507.346,0
Tiruchirappalli,Tamil Nadu,27,2722290,14010,205,13632,173,242283.81,946.3624148,225545.634,3
Gautam Buddha Nagar,Uttar Pradesh,30,1648115,24716,542,24085,89,115368.05,919.2237187,51908,3
Kollam,Kerala,14,2635375,56436,3779,52433,211,279349.75,912.997456,105993.3,2
Sheopur,Madhya Pradesh,16,687861,1378,53,1311,14,49525.992,911.5372336,60845.112,0
Chirang,Assam,3,482162,280,53,219,8,29894.044,910.9603922,94739.877,0
Saharanpur,Uttar Pradesh,30,3466382,9608,474,9003,131,242646.74,909.4262901,249844.172,3
Sindhudurg,Maharashtra,17,849651,5951,403,5393,154,75618.939,904.7668704,160991.95,0
Amreli,Gujarat,8,1514190,3715,162,3521,32,105993.3,898.3654186,99153.216,0
Ghaziabad,Uttar Pradesh,30,4681645,25714,957,24658,99,327715.15,889.5610733,119294.82,3
Kendujhar,Odisha,22,1801733,7803,80,7686,37,149543.839,884.2233192,82232.77,3
Chandigarh,Chandigarh,5,1055450,19309,361,18634,314,46439.8,882.6923606,85528.244,0
Kaithal,Haryana,9,1074304,3724,52,3624,48,81647.104,868.247811,107538.69,0
Sheikhpura,Bihar,4,636342,2971,6,2953,12,42634.914,854.1155557,29894.044,0
Ernakulam,Kerala,14,3282388,79260,8043,70907,299,347933.128,850.3215273,122616.36,2
Rajouri,Jammu and Kashmir,11,642415,3805,219,3532,54,44969.05,850.2551068,78648.596,0
Shajapur,Madhya Pradesh,16,1512681,1649,68,1559,22,108913.032,845.1416372,133903.424,0
Korba,Chhattisgarh,6,1206640,15647,71,15473,103,90498,840.1444459,73803.456,0
Jhansi,Uttar Pradesh,30,1998603,10012,188,9647,177,139902.21,838.4466279,199026.247,3
Palamu,Jharkhand,12,1939869,3439,45,3374,20,120271.878,837.84638,81929.404,0
Bargarh,Odisha,22,1481255,10041,92,9909,40,122944.165,837.369955,59360.226,3
Buxar,Bihar,4,1706352,3956,49,3890,17,114325.584,831.6750866,59983.575,0
Wayanad,Kerala,14,817420,15565,2529,12987,48,86646.52,831.2047474,43790.3,0
Hamirpur,Himachal Pradesh,10,1104285,2717,219,2454,43,110428.5,830.6300405,148682.782,0
Goalpara,Assam,3,1008183,658,38,568,10,62507.346,829.0164191,99783.432,0
Udaipur,Rajasthan,25,3068420,11008,319,10581,108,208652.56,812.8047808,170001.23,3
Bandipora,Jammu and Kashmir,11,392232,4623,79,4485,59,27456.24,807.4534621,47841.618,0
Balrampur,Chhattisgarh,6,2148665,3297,193,3093,11,161149.875,800.0958713,66147.056,0
Muzaffarpur,Bihar,4,4801062,11382,242,11095,45,321671.154,797.1640667,119397.46,0
Giridih,Jharkhand,12,2445474,3406,6,3386,14,151619.388,795.9543789,76756.536,0
Auraiya,Uttar Pradesh,30,1379545,3448,106,3296,46,96568.15,771.5577732,120853.996,3
Kasaragod,Kerala,14,1307375,23748,1630,22030,84,138581.75,770.2634118,59476.824,0
Aurangabad,Bihar,4,2540073,5083,75,4993,15,170184.891,767.36034,60749.36,0
Jaunpur,Uttar Pradesh,30,4494204,6539,189,6253,97,314594.28,765.6725483,297853.004,3
Hoshangabad,Madhya Pradesh,16,1241350,3513,55,3399,59,89377.2,761.1676082,136329.121,0
Morigaon,Assam,3,957423,638,72,557,9,59360.226,760.5987203,93011.519,0
Dumka,Jharkhand,12,1321442,1369,15,1340,14,81929.404,760.3170302,93027.024,0
Kandhamal,Odisha,22,733110,5921,7,5881,33,60848.13,755.1969223,46439.8,3
Porbandar,Gujarat,8,585449,686,8,674,4,40981.43,748.8567542,42216.8,0
Moga,Punjab,24,995746,2728,34,2603,91,91608.632,746.8168507,229379.458,3
Fatehpur,Uttar Pradesh,30,2632733,3725,137,3523,65,184291.31,731.809597,247985.894,3
Samba,Jammu and Kashmir,11,318898,2708,241,2429,38,22322.86,719.7285248,45476.8,0
Udupi,Karnataka,13,1177361,22990,74,22728,188,93011.519,714.3753567,86411.217,0
Bhind,Madhya Pradesh,16,1703005,1442,21,1411,10,122616.36,713.4072029,94421.536,0
Fatehabad,Haryana,9,942011,4633,111,4407,115,71592.836,709.1018913,149543.839,0
Hanumangarh,Rajasthan,25,1774692,2920,96,2812,12,120679.056,702.1081967,60479.848,3
Aligarh,Uttar Pradesh,30,3673889,11094,175,10864,55,257172.23,699.4584257,120271.878,3
Jaisalmer,Rajasthan,25,669919,2104,170,1909,25,45554.492,697.2772001,67185.566,3
Ganganagar,Rajasthan,25,1969168,6496,71,6384,41,133903.424,696.9451765,94087.604,3
Dakshin Dinajpur,West Bengal,32,1676276,8050,89,7889,72,119015.596,692.8587305,107670.254,3
Alappuzha,Kerala,14,2127789,55054,3806,50996,231,225545.634,677.7982137,99297.432,2
Jorhat,Assam,3,1092256,8771,6965,1752,54,67719.872,670.6995663,52117.3,0
North Goa,Goa,7,818008,2668,1639,964,65,81800.8,667.3411249,163779.564,0
Malkangiri,Odisha,22,613192,5218,22,5169,27,50894.936,661.3095571,43150.45,3
Saharsa,Bihar,4,1900661,6675,61,6602,12,127344.287,658.1629222,41073.48,0
Solan,Himachal Pradesh,10,580320,6205,850,5289,66,58032,648.0644893,75953.16,0
West Garo Hills,Meghalaya,19,643291,1704,21,1667,16,32164.55,638.1941471,44969.05,0
Dibrugarh,Assam,3,1326335,9486,6975,2409,102,82232.77,637.2016162,95956.772,0
Tehri Garhwal,Uttarakhand,31,618931,4053,278,3650,16,54465.928,631.0200034,39230.8,3
Sirmaur,Himachal Pradesh,10,529855,3117,188,2902,27,52985.5,630.1033418,56646.288,0
Uttara Kannada,Karnataka,13,1437169,14161,100,13886,175,113536.351,629.0732648,131097.024,0
Vidisha,Madhya Pradesh,16,1458875,3383,121,3202,60,105039,623.2152711,151619.388,0
Rewa,Madhya Pradesh,16,2365106,3737,184,3520,33,170287.632,621.0072886,136866.751,0
South Tripura,Tripura,29,876001,4041,28,3987,23,58692.067,619.48393,46422.576,3
Churachandpur,Manipur,18,274143,1404,1322,58,24,27414.3,617.2621847,58032,0
Pilibhit,Uttar Pradesh,30,2031007,4113,65,3971,77,142170.49,608.017629,209302.406,3
Nabarangapur,Odisha,22,1220946,5792,34,5743,15,101338.518,607.7913339,42658.268,3
Bikaner,Rajasthan,25,2363937,18954,97,18692,165,160747.716,604.8643393,130880.127,3
Madhepura,Bihar,4,2001762,4777,39,4721,17,134118.054,600.192968,58904.65,0
Kozhikode,Kerala,14,3086293,82526,5315,76924,274,327147.058,597.2073821,110200.076,2
Dhubri,Assam,3,1949258,1723,497,1215,11,120853.996,595.7240805,90498,0
Jehanabad,Bihar,4,1125313,4405,99,4287,19,75395.971,595.003924,45611.3,0
Jharsuguda,Odisha,22,579505,7413,71,7316,26,48098.915,594.2762,29713.81,3
Kullu,Himachal Pradesh,10,437903,4320,213,4023,82,43790.3,593.6652323,92508.526,0
Hingoli,Maharashtra,17,1177345,4141,77,3969,95,104783.705,582.2215417,188375.123,0
Harda,Madhya Pradesh,16,570465,1997,53,1912,32,41073.48,572.307051,79911.487,0
Jashpur,Chhattisgarh,6,851669,3229,271,2937,21,63875.175,559.4264391,51799.2,0
Rayagada,Odisha,22,967911,8355,22,8289,44,80336.613,558.8395468,52487.928,3
Una,Himachal Pradesh,10,521173,2642,167,2441,34,52117.3,549.714926,81146.376,0
Kamrup Metropolitan,Assam,3,1253938,50003,34484,15370,149,77744.156,547.8669343,41296.1,4
Pathanamthitta,Kerala,14,1197412,27512,4782,22682,46,126925.672,546.2235018,38848.95,0
Almora,Uttarakhand,31,622506,3021,317,2598,22,54780.528,544.2049332,51563.416,3
Panna,Madhya Pradesh,16,1016520,1003,41,958,4,73189.44,542.1658704,43807.001,0
Bilaspur,Himachal Pradesh,10,381956,2779,236,2519,23,38195.6,541.2843505,45554.492,0
Banda,Uttar Pradesh,30,1799410,3660,122,3500,38,125958.7,540.1116755,122522.256,3
Yamunanagar,Haryana,9,1214205,6301,194,5973,134,92279.58,537.6549639,161149.875,0
Sidhi,Madhya Pradesh,16,1127033,1919,66,1840,13,81146.376,537.3429345,70471.528,0
Faridkot,Punjab,24,617508,3838,73,3692,73,56810.736,536.7867966,108967.728,3
Dhamtari,Chhattisgarh,6,799781,7573,534,6934,105,59983.575,535.5174015,92767.409,0
Mahoba,Uttar Pradesh,30,875958,1442,41,1390,11,61317.06,526.7950989,57567,3
Ratlam,Madhya Pradesh,16,1455069,4229,263,3891,75,104764.968,525.86356,151208.33,0
Thanjavur,Tamil Nadu,27,2405890,16970,187,16551,232,214124.21,521.6877289,218729.473,3
Lohardaga,Jharkhand,12,461790,1761,35,1716,10,28630.98,521.5812497,28695.52,0
Ambala,Haryana,9,1128350,11338,241,10956,141,85754.6,520.309859,108571.33,0
Kaimur,Bihar,4,1626384,2030,33,1987,10,108967.728,515.8682197,64612.494,0
Sirohi,Rajasthan,25,1036346,3541,133,3381,27,70471.528,509.1254651,64658.932,3
Anuppur,Madhya Pradesh,16,749237,1979,17,1948,14,53945.064,503.1668437,49525.992,0
Satna,Madhya Pradesh,16,2228935,3180,140,2999,41,160483.32,502.2178257,170184.891,0
Gandhinagar,Gujarat,8,1391753,7921,325,7492,104,97422.71,495.9413211,120679.056,0
Khordha,Odisha,22,2251673,52521,223,51971,327,186888.859,491.2879024,114325.584,3
Barnala,Punjab,24,595527,2262,43,2155,64,54788.484,490.1830512,138581.75,3
Anantnag,Jammu and Kashmir,11,1078692,4752,108,4561,83,75508.44,489.768613,122944.165,0
Ashoknagar,Madhya Pradesh,16,845071,1068,62,990,16,60845.112,487.3580647,99003.313,0
Begusarai,Bihar,4,2970541,7596,112,7452,32,199026.247,478.8529823,93077.04,0
Raigarh,Chhattisgarh,6,1493984,20825,381,20168,276,112048.8,477.288467,134118.054,0
Theni,Tamil Nadu,27,1245899,16827,77,16547,203,110885.011,474.5462,125025.971,3
Kendrapara,Odisha,22,1440361,8948,124,8795,29,119549.963,468.8866999,50304.847,3
Latehar,Jharkhand,12,726978,1867,12,1849,6,45072.636,468.6205102,27414.3,0
Bharuch,Gujarat,8,1551019,3756,131,3607,18,108571.33,467.7445609,61317.06,0
Panchkula,Haryana,9,561293,9826,261,9425,140,42658.268,464.7873444,75541.608,0
Chitrakoot,Uttar Pradesh,30,991730,2121,48,2060,13,69421.1,458.9696735,52985.5,3
Burhanpur,Madhya Pradesh,16,757847,841,7,807,27,54564.984,457.5450549,149348.092,0
Nagaur,Rajasthan,25,3307743,9271,217,8964,90,224926.524,451.8817865,171654.804,3
Bageshwar,Uttarakhand,31,259898,1458,151,1291,16,22871.024,444.8653032,42540.246,3
Udalguri,Assam,3,831668,758,84,666,8,51563.416,444.0432166,68425.232,0
Munger,Bihar,4,1367765,4132,64,4018,50,91640.255,439.546235,111681.362,0
Mandla,Madhya Pradesh,16,1054905,1172,35,1127,10,75953.16,438.933655,79245.808,0
Kannur,Kerala,14,2523003,38243,3469,34578,188,267438.318,435.5668633,122938.76,2
Hailakandi,Assam,3,659296,1632,509,1116,7,40876.352,431.0180323,31833.76,0
North Tripura,Tripura,29,693947,2751,29,2700,15,46494.449,430.9874503,42542.632,3
Udhampur,Jammu and Kashmir,11,554985,4054,116,3881,57,38848.95,425.4946954,69421.1,0
Kathua,Jammu and Kashmir,11,616435,3132,75,3009,48,43150.45,423.0773477,80336.613,0
Kodagu,Karnataka,13,554519,5656,114,5472,70,43807.001,416.9277531,67719.872,0
Baran,Rajasthan,25,1222755,2322,220,2069,33,83147.34,415.4295035,115368.05,3
Darrang,Assam,3,928500,1967,219,1730,18,57567,415.416097,63875.175,0
Palwal,Haryana,9,1042708,4333,34,4275,24,79245.808,398.9313615,54780.528,0
Ramgarh,Jharkhand,12,949443,4406,70,4309,27,58865.466,398.1486296,47958.811,0
Bijapur,Chhattisgarh,6,255230,3969,30,3911,28,19142.25,395.3512377,23739.9,0
Imphal West,Manipur,18,517992,8426,8283,52,91,51799.2,394.1168816,71335.154,0
Cachar,Assam,3,1736617,6216,4678,1498,40,107670.254,393.6209073,81440.162,0
Ranchi,Jharkhand,12,2914253,29973,748,29014,211,180683.686,387.4552135,119549.963,0
Pithoragarh,Uttarakhand,31,483439,3060,353,2676,31,42542.632,381.6224874,53945.064,3
Faridabad,Haryana,9,1809733,45178,664,44117,397,137539.708,376.5872741,117947.135,0
Ukhrul,Manipur,18,183998,534,514,18,2,18399.8,372.8844833,14418.2,0
Bhadrak,Odisha,22,1506337,7377,30,7319,28,125025.971,360.7279877,58865.466,3
Pauri Garhwal,Uttarakhand,31,687271,4910,209,4620,57,60479.848,353.8839935,82012.608,3
Chamoli,Uttarakhand,31,391605,3330,229,3029,14,34461.24,350.4041128,27456.24,3
Rajkot,Gujarat,8,3804558,19589,1347,18054,188,266319.06,346.0071192,205758.943,0
Bijapur,Chhattisgarh,6,2177331,3969,30,3911,28,163299.825,345.9441414,113256.8,0
Chatra,Jharkhand,12,1042886,1397,23,1363,11,64658.932,339.1299333,60848.13,0
Perambalur,Tamil Nadu,27,565223,2253,2,2230,21,50304.847,334.0552901,58692.067,3
Supaul,Bihar,4,2229076,5549,39,5493,17,149348.092,331.977732,56491.54,0
Baksa,Assam,3,950075,687,233,447,7,58904.65,325.2039338,75395.971,0
Bongaigaon,Assam,3,738804,1303,463,834,6,45805.848,316.1204596,38195.6,0
Dima Hasao,Assam,3,214102,237,36,199,2,13274.324,313.2454437,22322.86,0
Jamtara,Jharkhand,12,791042,1240,13,1223,4,49044.604,307.5692191,28646.7,0
Nuapada,Odisha,22,610382,7246,86,7134,26,50661.706,302.0145424,32164.55,3
Ramban,Jammu and Kashmir,11,283713,2083,36,2026,21,19859.91,301.3237237,33378.45,0
Kulgam,Jammu and Kashmir,11,424483,2650,70,2527,53,29713.81,291.8821215,73189.44,0
Palakkad,Kerala,14,2809934,46292,5245,40921,119,297853.004,267.2041775,86646.52,2
Gajapati,Odisha,22,577817,3975,12,3930,33,47958.811,263.3505533,50894.936,3
Gadchiroli,Maharashtra,17,1072942,8380,263,8026,85,95491.838,262.4443658,101338.518,0
Khunti,Jharkhand,12,531885,2104,26,2073,5,32976.87,260.973119,16017.76,0
Kishanganj,Bihar,4,1690400,4256,116,4127,13,113256.8,253.5139123,46494.449,0
Kishtwar,Jammu and Kashmir,11,230696,2714,56,2637,21,16148.72,250.9851765,22871.024,0
Arwal,Bihar,4,700843,2269,37,2221,11,46956.481,238.9587841,40981.43,0
Bokaro,Jharkhand,12,2062330,6419,77,6283,59,127864.46,233.4570885,114510.701,0
Pulwama,Jammu and Kashmir,11,560440,5471,181,5202,88,39230.8,231.6636687,77744.156,0
Thoothukkudi,Tamil Nadu,27,1750176,15998,87,15770,141,155765.664,228.933574,127344.287,3
Katihar,Bihar,4,3071029,7136,121,7003,12,205758.943,227.642719,46956.481,0
Godda,Jharkhand,12,1313551,2069,9,2050,10,81440.162,227.1084743,50645.189,0
Hamirpur,Uttar Pradesh,30,454768,1551,19,1511,21,31833.76,215.0147627,54465.928,3
Janjgir Champa,Chhattisgarh,6,1619707,18269,214,17849,206,121478.025,212.2194697,126925.672,0
Tapi,Gujarat,8,807022,1021,14,1001,6,56491.54,210.924845,45805.848,0
East Khasi Hills,Meghalaya,19,825922,8216,204,7903,109,41296.1,203.0647016,70078.688,0
Uttarkashi,Uttarakhand,31,330086,3498,274,3126,13,29047.568,201.6015459,20821.22,3
Kinnaur,Himachal Pradesh,10,84121,1292,62,1214,16,8412.1,200.2199268,19859.91,0
West Khasi Hills,Meghalaya,19,383461,173,5,167,1,19173.05,190.9434504,22026.69,0
Sahibganj,Jharkhand,12,1150567,1629,24,1596,9,71335.154,181.7836749,50661.706,0
Subarnapur,Odisha,22,610183,4683,1,4661,21,50645.189,175.327503,40876.352,3
Karaikal,Puducherry,23,200222,3744,45,3638,61,16017.76,172.2042936,42634.914,3
Chandel,Manipur,18,144182,348,335,4,9,14418.2,168.6998257,48098.915,0
Balaghat,Madhya Pradesh,16,1701698,2949,115,2821,13,122522.256,164.7692667,67061.104,0
Dimapur,Nagaland,21,378811,6385,111,6152,50,18940.55,162.583654,28630.98,0
Jamui,Bihar,4,1760405,3132,27,3095,10,117947.135,158.2083779,49044.604,0
Yanam,Puducherry,23,55626,2092,8,2039,45,4450.08,148.3206817,18940.55,3
Ganderbal,Jammu and Kashmir,11,297446,4441,108,4290,43,20821.22,144.8820831,34461.24,0
Bilaspur,Chhattisgarh,6,381956,17417,303,16927,187,28646.7,144.8504712,45072.636,0
Dhalai,Tripura,29,378230,3463,12,3431,19,25341.41,139.0374705,25341.41,3
Rudraprayag,Uttarakhand,31,242285,2166,115,2035,10,21321.08,135.0423334,19142.25,3
Simdega,Jharkhand,12,599578,2008,12,1991,5,37173.836,124.9532563,16148.72,0
Kota,Rajasthan,25,1951014,18048,578,17306,164,132668.952,120.8986332,117551.244,3
Jamnagar,Gujarat,8,2160119,10064,191,9838,35,151208.33,113.1521047,63563.206,0
Dindori,Madhya Pradesh,16,704524,942,21,920,1,50725.728,112.0196176,13274.324,0
Senapati,Manipur,18,479148,471,449,21,1,47914.8,110.826882,19173.05,0
Idukki,Kerala,14,1108974,15557,2985,12554,16,117551.244,110.0494908,22849.024,0
Lakhisarai,Bihar,4,1000912,3663,108,3546,9,67061.104,107.9526431,29047.568,0
Sheohar,Bihar,4,656246,1422,37,1384,1,43968.482,104.1746136,8412.1,0
Garhwa,Jharkhand,12,1322784,2781,37,2732,12,82012.608,101.7299243,47914.8,0
Champawat,Uttarakhand,31,259648,1661,190,1392,8,22849.024,98.43526875,21321.08,3
Upper Subansiri,Arunachal Pradesh,2,83448,441,1,438,2,4172.4,95.72351704,4450.08,0
West Siang,Arunachal Pradesh,2,112274,1029,4,1022,3,5613.7,94.87692441,3700.2,0
Mahendragarh,Haryana,9,922088,6557,57,6481,19,70078.688,92.56433859,37173.836,0
Reasi,Jammu and Kashmir,11,314667,1615,65,1536,14,22026.69,78.36709127,32976.87,0
Mokokchung,Nagaland,21,194622,172,47,118,1,9731.1,75.98904255,13399.4,0
Kiphire,Nagaland,21,74004,39,4,34,1,3700.2,68.91310214,18399.8,0
Gumla,Jharkhand,12,1025213,2247,33,2210,4,63563.206,57.56461034,22417.304,0
South Garo Hills,Meghalaya,19,142334,198,2,195,1,7116.7,56.57615804,9731.1,0
Bishnupur,Manipur,18,237399,1261,1182,58,21,23739.9,53.8489618,50725.728,0
Aizawl,Mizoram,20,400309,2726,62,2657,7,22417.304,53.19628983,14065.1,0
Kohima,Nagaland,21,267988,3703,117,3536,21,13399.4,47.02914389,15895.85,0
Tamenglong,Manipur,18,140651,1322,1285,32,5,14065.1,41.50249275,12513,0
Tuensang,Nagaland,21,196596,244,3,240,1,9829.8,40.28606896,9829.8,0
East Sikkim,Sikkim,26,283583,1477,368,1106,3,11343.32,35.94292893,7116.7,3
Punch,Jammu and Kashmir,11,476835,2437,30,2385,22,33378.45,30.92017544,43968.482,0
Changlang,Arunachal Pradesh,2,148226,1272,3,1265,4,7411.3,23.30597419,7411.3,0
East Garo Hills,Meghalaya,19,317917,338,4,333,1,15895.85,23.03991636,11343.32,0
Koraput,Odisha,22,1379647,7848,48,7784,16,114510.701,21.65659793,41320.79,3
Mahe,Puducherry,23,41816,1717,123,1586,8,3345.28,20.66177207,3636.472,3
Serchhip,Mizoram,20,64937,176,4,171,1,3636.472,19.10836019,5598.75,0
East Siang,Arunachal Pradesh,2,99214,1120,18,1098,4,4960.7,18.92244734,4172.4,0
West Kameng,Arunachal Pradesh,2,83947,916,10,902,4,4197.35,18.32903835,4197.35,0
Tirap,Arunachal Pradesh,2,111975,586,5,579,2,5598.75,17.71678784,4960.7,0
Narmada,Gujarat,8,590297,1908,59,1848,1,41320.79,16.36647289,5613.7,0
Narayanpur,Chhattisgarh,6,139820,1912,43,1867,2,10486.5,15.58662631,3345.28,0
Mon,Nagaland,21,250260,603,13,579,2,12513,10.96914116,10486.5,0
Tawang,Arunachal Pradesh,2,49977,465,40,423,2,2498.85,10.74774126,2498.85,0
