District,State,Population,Sex-Ratio,Confirmed,Active,Recovered,Deceased,Death Rate,age frac,Rank Number,Actual Number
Thane,Maharashtra,"11,060,148",886,251880,10009,236285,5527,0.021942989,0.089,21599.65083,984353.172
Pune,Maharashtra,"9,429,408",915,369065,13639,347678,7713,0.020898758,0.089,17538.59951,839217.312
Nashik,Maharashtra,"6,107,187",934,113524,2227,109430,1866,0.016437053,0.089,8934.18992,543539.643
Murshidabad,West Bengal,"7,103,807",958,11785,358,11282,145,0.012303776,0.071,6205.659155,504370.297
Jaipur,Rajasthan,"6,626,178",910,56361,3881,51986,494,0.008764926,0.068,3949.301269,450580.104
Malappuram,Kerala,"4,112,920",1098,87415,5173,81914,318,0.00363782,0.106,1585.978639,435969.52
Surat,Gujarat,"6,081,322",787,48350,1153,46241,956,0.019772492,0.07,8417.002342,425692.54
Paschim Medinipur,West Bengal,"5,913,457",966,19613,579,18744,290,0.014786111,0.071,6208.029243,419855.447
Nagpur,Maharashtra,"4,653,570",951,122888,4601,115105,3166,0.025763297,0.089,10670.32624,414167.73
Chennai,Tamil Nadu,"4,646,732",989,223509,2982,216551,3976,0.017788993,0.089,7356.800789,413559.148
East Godavari,Andhra Pradesh,"5,154,296",1006,123454,429,122389,636,0.005151716,0.077,2044.617126,396880.792
Patna,Bihar,"5,838,465",897,47442,2040,45035,367,0.007735762,0.067,3026.053371,391177.155
Solapur,Maharashtra,"4,317,756",938,52790,1038,49998,1740,0.032960788,0.089,12666.18097,384280.284
Jalgaon,Maharashtra,"4,229,917",925,55780,547,53778,1435,0.025726067,0.089,9684.902405,376462.613
Guntur,Andhra Pradesh,"4,887,813",1003,74423,487,73274,662,0.0088951,0.077,3347.774077,376361.601
Nadia,West Bengal,"5,167,600",947,21194,688,20226,280,0.013211286,0.071,4847.215549,366899.6
Purba Medinipur,West Bengal,"5,095,875",938,19818,661,18890,267,0.013472601,0.071,4874.483034,361807.125
Kancheepuram,Tamil Nadu,"3,998,252",986,28496,284,27779,433,0.015195115,0.089,5407.097006,355844.428
Vellore,Tamil Nadu,"3,936,331",1007,20094,217,19538,339,0.016870708,0.089,5910.373489,350333.459
Thiruvananthapuram,Kerala,"3,301,427",1087,79740,3391,75651,629,0.007888136,0.106,2760.463148,349951.262
Ernakulam,Kerala,"3,282,388",1027,79260,8043,70907,299,0.003772395,0.106,1312.541192,347933.128
Krishna,Andhra Pradesh,"4,517,398",992,47420,674,46084,662,0.013960354,0.077,4855.964593,347839.646
Kolhapur,Maharashtra,"3,876,001",957,49049,529,46860,1657,0.033782544,0.089,11653.76452,344964.089
Moradabad,Uttar Pradesh,"4,772,006",906,11456,275,11005,176,0.015363128,0.07,5131.90573,334040.42
Thiruvallur,Tamil Nadu,"3,728,104",987,42359,466,41221,672,0.015864397,0.089,5263.82685,331801.256
Thrissur,Kerala,"3,121,200",1108,71491,6435,64735,313,0.004378173,0.106,1448.506278,330847.2
Visakhapatnam,Andhra Pradesh,"4,290,589",1006,58980,268,58163,549,0.00930824,0.077,3075.213076,330375.353
Aurangabad,Maharashtra,"3,701,282",923,47419,1017,45191,1196,0.025221957,0.089,8308.468215,329414.098
Ghaziabad,Uttar Pradesh,"4,681,645",881,25714,957,24658,99,0.003850043,0.07,1261.717419,327715.15
Kozhikode,Kerala,"3,086,293",1098,82526,5315,76924,274,0.003320166,0.106,1086.182539,327147.058
Azamgarh,Uttar Pradesh,"4,613,913",1019,5938,150,5694,94,0.015830246,0.07,5112.756447,322973.91
Ludhiana,Punjab,"3,498,739",873,24515,437,23124,954,0.03891495,0.092,12526.0993,321883.988
Muzaffarpur,Bihar,"4,801,062",900,11382,242,11095,45,0.003953611,0.067,1271.762613,321671.154
Chittoor,Andhra Pradesh,"4,174,064",997,85711,406,84466,839,0.009788709,0.077,3146.119734,321402.928
Lucknow,Uttar Pradesh,"4,589,838",917,76975,2884,72994,1097,0.01425138,0.07,4578.806783,321288.66
Kanpur Nagar,Uttar Pradesh,"4,581,268",862,32037,641,30580,816,0.02547055,0.07,8168.119096,320688.76
Kolkata,West Bengal,"4,496,694",908,121313,3842,114574,2897,0.023880376,0.071,7624.174787,319265.274
Jaunpur,Uttar Pradesh,"4,494,204",1024,6539,189,6253,97,0.014834072,0.07,4666.7142,314594.28
Anantapur,Andhra Pradesh,"4,081,148",977,67223,159,66468,596,0.008866013,0.077,2786.130364,314248.396
Sitapur,Uttar Pradesh,"4,483,992",888,4709,104,4531,74,0.015714589,0.07,4932.486395,313879.44
Kurnool,Andhra Pradesh,"4,053,463",988,60517,92,59938,487,0.008047326,0.077,2511.704441,312116.651
Bareilly,Uttar Pradesh,"4,448,359",887,13842,330,13354,158,0.011414535,0.07,3554.316465,311385.13
Gorakhpur,Uttar Pradesh,"4,440,895",950,20817,294,20186,337,0.016188692,0.07,5032.459695,310862.65
Salem,Tamil Nadu,"3,482,056",954,31287,337,30494,456,0.014574744,0.089,4516.756657,309902.984
Agra,Uttar Pradesh,"4,418,797",868,10117,228,9719,170,0.0168034,0.07,5197.556946,309315.79
Viluppuram,Tamil Nadu,"3,458,873",987,14916,84,14722,110,0.007374631,0.089,2270.204173,307839.697
Coimbatore,Tamil Nadu,"3,458,045",1000,51696,948,50106,642,0.012418756,0.089,3822.070921,307766.005
Raipur,Chhattisgarh,"4,063,872",984,51473,6474,44297,702,0.013638218,0.075,4156.79792,304790.4
West Godavari,Andhra Pradesh,"3,936,966",1004,93721,240,92948,533,0.005687093,0.077,1724.021667,303146.382
Madhubani,Bihar,"4,487,379",926,7553,62,7459,32,0.004236727,0.067,1273.790584,300654.393
Nanded,Maharashtra,"3,361,292",943,21117,556,19907,649,0.030733532,0.089,9194.089397,299154.988
Palakkad,Kerala,"2,809,934",1067,46292,5245,40921,119,0.002570639,0.106,765.6725483,297853.004
Gaya,Bihar,"4,391,418",937,7713,150,7504,59,0.007649423,0.067,2250.651528,294225.006
Ganjam,Odisha,"3,529,031",983,21782,18,21510,254,0.011661004,0.083,3415.619702,292909.573
Vadodara,Gujarat,"4,165,626",934,23892,1801,21858,233,0.009752218,0.07,2843.6865,291593.82
Muzaffarnagar,Uttar Pradesh,"4,143,512",889,8067,381,7585,101,0.012520144,0.07,3631.415683,290045.84
Hardoi,Uttar Pradesh,"4,092,845",868,5766,104,5556,106,0.018383628,0.07,5266.893796,286499.15
Samastipur,Bihar,"4,261,566",911,5148,71,5043,34,0.006604507,0.067,1885.751346,285524.922
Kollam,Kerala,"2,635,375",1113,56436,3779,52433,211,0.003738748,0.106,1044.418319,279349.75
Jalpaiguri,West Bengal,"3,872,846",953,14150,437,13558,155,0.010954064,0.071,3012.061609,274972.066
Tirunelveli,Tamil Nadu,"3,077,233",1023,15205,128,14866,211,0.013877014,0.089,3800.549683,273873.737
Madurai,Tamil Nadu,"3,038,252",990,20392,223,19719,450,0.022067477,0.089,5967.143496,270404.428
Kannur,Kerala,"2,523,003",1136,38243,3469,34578,188,0.004915932,0.106,1314.708585,267438.318
Satara,Maharashtra,"3,003,741",988,54111,855,51507,1739,0.032137643,0.089,8591.450877,267332.949
Bilaspur,Himachal Pradesh,"2,663,629",971,2779,236,2519,23,0.008276358,0.1,2204.514718,266362.9
Rajkot,Gujarat,"3,804,558",927,19589,1347,18054,188,0.009597223,0.07,2555.923408,266319.06
Sultanpur,Uttar Pradesh,"3,797,117",983,4724,259,4390,75,0.015876376,0.07,4219.912005,265798.19
Saran,Bihar,"3,951,862",954,7002,250,6700,52,0.00742645,0.067,1966.336472,264774.754
Darbhanga,Bihar,"3,937,385",911,4007,37,3938,32,0.007986024,0.067,2106.751424,263804.795
Prakasam,Andhra Pradesh,"3,397,448",981,61970,155,61237,578,0.009327094,0.077,2440.000398,261603.496
Bijnor,Uttar Pradesh,"3,682,713",917,4225,129,4038,58,0.013727811,0.07,3538.891162,257789.91
Budaun,Uttar Pradesh,"3,681,896",871,3814,94,3675,45,0.011798637,0.07,3040.894806,257732.72
Varanasi,Uttar Pradesh,"3,676,841",913,22114,696,20993,425,0.019218595,0.07,4946.460264,257378.87
Aligarh,Uttar Pradesh,"3,673,889",882,11094,175,10864,55,0.004957635,0.07,1274.966048,257172.23
Amravati,Maharashtra,"2,888,445",951,19596,445,18771,378,0.019289651,0.089,4958.821542,257071.605
Bankura,West Bengal,"3,596,674",957,11177,416,10673,88,0.007873311,0.071,2010.559041,255363.854
Ghazipur,Uttar Pradesh,"3,620,268",952,5057,91,4886,80,0.015819656,0.07,4008.997607,253418.76
Sangli,Maharashtra,"2,822,143",966,49977,265,47946,1763,0.035276227,0.089,8860.355581,251170.727
Durg,Chhattisgarh,"3,343,872",988,21929,1458,19925,546,0.024898536,0.075,6244.313803,250790.4
Jodhpur,Rajasthan,"3,687,165",916,43239,1423,41534,282,0.00652189,0.068,1635.215349,250727.22
Alwar,Rajasthan,"3,674,179",895,21154,251,20826,77,0.003639974,0.068,909.4262901,249844.172
Kushinagar,Uttar Pradesh,"3,564,544",961,5613,71,5482,60,0.010689471,0.07,2667.21628,249518.08
Birbhum,West Bengal,"3,502,404",956,9417,350,8983,84,0.008920038,0.071,2218.151951,248670.684
Aurangabad,Bihar,"3,701,282",923,5083,75,4993,15,0.002951013,0.067,731.809597,247985.894
Yavatmal,Maharashtra,"2,772,348",952,13481,495,12588,394,0.029226319,0.089,7211.271905,246738.972
Bahraich,Uttar Pradesh,"3,487,731",892,4031,75,3882,74,0.018357728,0.07,4481.877192,244141.17
Saharanpur,Uttar Pradesh,"3,466,382",890,9608,474,9003,131,0.013634471,0.07,3308.35994,242646.74
Tiruchirappalli,Tamil Nadu,"2,722,290",1013,14010,205,13632,173,0.012348323,0.089,2991.798744,242283.81
Meerut,Uttar Pradesh,"3,443,689",886,21335,1016,19896,423,0.019826576,0.07,4779.359318,241058.23
Gonda,Uttar Pradesh,"3,433,919",921,5009,74,4868,67,0.013375923,0.07,3215.228529,240374.33
Rae Bareli,Uttar Pradesh,"3,405,559",943,5099,222,4774,103,0.020200039,0.07,4815.469723,238389.13
Indore,Madhya Pradesh,"3,276,697",928,53011,3925,48235,851,0.016053272,0.072,3787.322991,235922.184
Vaishali,Bihar,"3,495,021",895,5343,86,5210,46,0.008609395,0.067,2016.031094,234166.407
Cuddalore,Tamil Nadu,"2,605,914",987,24571,101,24189,281,0.011436246,0.089,2652.366747,231926.346
Sitamarhi,Bihar,"3,423,574",899,4300,135,4151,14,0.003255814,0.067,746.8168507,229379.458
Amritsar,Punjab,"2,490,656",889,14321,539,13240,542,0.037846519,0.092,8672.164686,229140.352
Barabanki,Uttar Pradesh,"3,260,699",910,7620,82,7439,99,0.012992126,0.07,2965.438858,228248.93
Ballia,Uttar Pradesh,"3,239,774",937,7692,183,7407,102,0.01326053,0.07,3007.278422,226784.18
Aurangabad,Maharashtra,"2,540,073",926,47419,1017,45191,1196,0.025221957,0.089,5701.839466,226066.497
Alappuzha,Kerala,"2,127,789",1100,55054,3806,50996,231,0.00419588,0.106,946.3624148,225545.634
Nagaur,Rajasthan,"3,307,743",950,9271,217,8964,90,0.009707691,0.068,2183.517193,224926.524
Pratapgarh,Uttar Pradesh,"3,209,141",998,5225,181,4978,66,0.012631579,0.07,2837.556264,224639.87
Siwan,Bihar,"3,330,464",988,4623,80,4512,31,0.006705602,0.067,1496.295326,223141.088
Tiruppur,Tamil Nadu,"2,479,052",989,16787,416,16157,214,0.01274796,0.089,2812.65416,220635.628
Tiruvannamalai,Tamil Nadu,"2,464,875",994,19072,109,18683,280,0.014681208,0.089,3220.673489,219373.875
Purnia,Bihar,"3,264,619",921,9224,80,9122,22,0.002385082,0.067,521.6877289,218729.473
Latur,Maharashtra,"2,454,196",928,23094,407,22006,677,0.029314974,0.089,6403.077582,218423.444
Pratapgarh,Rajasthan,"3,209,141",998,1164,88,1057,19,0.016323024,0.068,3562.036218,218221.588
Cuttack,Odisha,"2,624,470",940,28610,222,28246,142,0.0049633,0.083,1081.160652,217831.01
Unnao,Uttar Pradesh,"3,108,367",907,4492,182,4228,82,0.018254675,0.07,3971.956056,217585.69
Deoria,Uttar Pradesh,"3,100,946",1017,6680,106,6482,92,0.013772455,0.07,2989.534747,217066.22
Thanjavur,Tamil Nadu,"2,405,890",1035,16970,187,16551,232,0.013671184,0.089,2927.331474,214124.21
Uttar Dinajpur,West Bengal,"3,007,134",939,6333,160,6102,71,0.011211116,0.071,2393.646295,213506.514
Gurdaspur,Punjab,"2,298,323",895,7833,134,7453,246,0.031405592,0.092,6640.577887,211445.716
Shahjahanpur,Uttar Pradesh,"3,006,538",872,6786,72,6603,111,0.016357206,0.07,3442.499299,210457.66
Kottayam,Kerala,"1,974,551",1039,47849,6575,41133,139,0.002904972,0.106,608.017629,209302.406
Mayurbhanj,Odisha,"2,519,738",1006,13790,101,13598,91,0.006598985,0.083,1380.100201,209138.254
Udaipur,Rajasthan,"3,068,420",958,11008,319,10581,108,0.009811047,0.068,2047.100073,208652.56
Srikakulam,Andhra Pradesh,"2,703,114",1015,45889,163,45380,346,0.007539933,0.077,1569.359981,208139.778
Katihar,Bihar,"3,071,029",919,7136,121,7003,12,0.001681614,0.067,346.0071192,205758.943
Bhagalpur,Bihar,"3,037,766",880,9315,146,9094,75,0.00805153,0.067,1638.730493,203530.322
Jalandhar,Punjab,"2,193,590",915,19669,487,18554,628,0.031928415,0.092,6443.482371,201810.28
Bhavnagar,Gujarat,"2,880,365",933,5714,97,5549,68,0.011900595,0.07,2399.464012,201625.55
Erode,Tamil Nadu,"2,251,744",993,13445,304,12998,143,0.010635924,0.089,2131.494647,200405.216
Bilaspur,Chhattisgarh,"2,663,629",971,17417,303,16927,187,0.010736637,0.075,2144.881326,199772.175
Begusarai,Bihar,"2,970,541",895,7596,112,7452,32,0.004212744,0.067,838.4466279,199026.247
Rohtas,Bihar,"2,959,918",918,6657,60,6552,45,0.006759802,0.067,1340.566794,198314.506
Raigarh,Chhattisgarh,"2,634,200",959,20825,381,20168,276,0.013253301,0.075,2618.388412,197565
Chandrapur,Maharashtra,"2,204,307",961,22930,788,21758,383,0.016703009,0.089,3276.85181,196183.323
Nalanda,Bihar,"2,877,653",922,8028,94,7879,55,0.006851021,0.067,1320.895696,192802.751
Dindigul,Tamil Nadu,"2,159,775",998,10808,135,10476,197,0.018227239,0.089,3503.639425,192219.975
Junagadh,Gujarat,"2,743,082",953,4786,268,4485,33,0.006895111,0.07,1323.969841,192015.74
Araria,Bihar,"2,811,569",921,7118,28,7068,22,0.003090756,0.067,582.2215417,188375.123
Maharajganj,Uttar Pradesh,"2,684,703",943,5745,12,5643,90,0.015665796,0.07,2944.060666,187929.21
Khordha,Odisha,"2,251,673",929,52521,223,51971,327,0.006226081,0.083,1163.585174,186888.859
Fatehpur,Uttar Pradesh,"2,632,733",901,3725,137,3523,65,0.017449664,0.07,3215.821438,184291.31
Bhojpur,Bihar,"2,728,407",907,4934,66,4826,42,0.008512363,0.067,1556.087783,182803.269
Dhule,Maharashtra,"2,050,862",946,15551,307,14898,343,0.022056459,0.089,4025.893072,182526.718
Sikar,Rajasthan,"2,677,333",947,8850,176,8579,95,0.010734463,0.068,1954.301778,182058.644
Ranchi,Jharkhand,"2,914,253",949,29973,748,29014,211,0.007039669,0.062,1271.953343,180683.686
Vizianagaram,Andhra Pradesh,"2,344,474",1019,40998,66,40694,238,0.005805161,0.077,1047.973775,180524.498
Mathura,Uttar Pradesh,"2,547,184",863,6602,225,6268,109,0.016510148,0.07,2943.806938,178302.88
Jabalpur,Madhya Pradesh,"2,463,289",929,15242,445,14560,237,0.015549141,0.072,2757.746015,177356.808
Barmer,Rajasthan,"2,603,751",902,4898,154,4697,47,0.009595753,0.068,1698.9767,177055.068
Surguja,Chhattisgarh,"2,359,886",978,7156,573,6505,78,0.010899944,0.075,1929.196893,176991.45
Ajmer,Rajasthan,"2,583,052",951,16290,295,15779,216,0.013259669,0.068,2329.028188,175647.536
Nagaon,Assam,"2,823,768",962,4515,1983,2506,26,0.005758583,0.062,1008.175949,175073.616
Firozabad,Uttar Pradesh,"2,498,156",875,3792,52,3672,68,0.017932489,0.07,3135.870849,174870.92
Mirzapur,Uttar Pradesh,"2,496,970",903,3357,149,3166,42,0.012511171,0.07,2186.801306,174787.9
Patiala,Punjab,"1,895,686",891,15573,254,14850,469,0.030116227,0.092,5252.36371,174403.112
Jalna,Maharashtra,"1,959,046",937,12635,175,12122,337,0.026671943,0.089,4650.389129,174355.094
Sundargarh,Odisha,"2,093,437",973,14444,375,13902,167,0.011561894,0.083,2008.940025,173755.271
Bharatpur,Rajasthan,"2,548,462",880,8890,176,8596,118,0.013273341,0.068,2300.20915,173295.416
Virudhunagar,Tamil Nadu,"1,942,288",1007,16261,94,15939,228,0.014021278,0.089,2423.76904,172863.632
Basti,Uttar Pradesh,"2,464,464",963,4996,65,4834,97,0.019415532,0.07,3349.421576,172512.48
Gopalganj,Bihar,"2,562,012",1021,5698,81,5602,15,0.002632503,0.067,451.8817865,171654.804
Sagar,Madhya Pradesh,"2,378,458",893,4872,196,4529,147,0.030172414,0.072,5166.995001,171248.976
Bhopal,Madhya Pradesh,"2,371,061",918,37992,2030,35399,563,0.014818909,0.072,2529.830678,170716.392
Rewa,Madhya Pradesh,"2,365,106",931,3737,184,3520,33,0.008830613,0.072,1503.744177,170287.632
Aurangabad,Bihar,"2,540,073",926,5083,75,4993,15,0.002951013,0.067,502.2178257,170184.891
Sabarkantha,Gujarat,"2,428,589",952,2719,143,2563,13,0.00478117,0.07,812.8047808,170001.23
Ambedkar Nagar,Uttar Pradesh,"2,397,888",978,1853,66,1744,43,0.023205613,0.07,3895.112266,167852.16
Krishnagiri,Tamil Nadu,"1,879,809",958,7781,85,7580,116,0.014908109,0.089,2494.171375,167303.001
Dhanbad,Jharkhand,"2,684,487",909,7339,51,7186,102,0.013898351,0.062,2313.21644,166438.194
Haridwar,Uttarakhand,"1,890,422",880,13181,434,12488,145,0.011000683,0.088,1830.042118,166357.136
Dakshina Kannada,Karnataka,"2,089,649",1020,32693,339,31618,734,0.022451289,0.079,3706.309775,165082.271
Bhilwara,Rajasthan,"2,408,523",973,9326,350,8938,38,0.00407463,0.068,667.3411249,163779.564
Rampur,Uttar Pradesh,"2,335,819",909,5360,89,5220,51,0.009514925,0.07,1555.759982,163507.33
Parbhani,Maharashtra,"1,836,086",947,7529,215,7027,276,0.036658255,0.089,5990.386082,163411.654
Bijapur,Chhattisgarh,"2,177,331",960,3969,30,3911,28,0.007054674,0.075,1152.02703,163299.825
Akola,Maharashtra,"1,813,906",946,10360,531,9479,345,0.033301158,0.089,5376.060157,161437.634
Balrampur,Chhattisgarh,"2,148,665",928,3297,193,3093,11,0.003336366,0.075,537.6549639,161149.875
Kheda,Gujarat,"2,299,885",940,2847,114,2717,16,0.005619951,0.07,904.7668704,160991.95
Bikaner,Rajasthan,"2,363,937",905,18954,97,18692,165,0.008705286,0.068,1399.354842,160747.716
Satna,Madhya Pradesh,"2,228,935",926,3180,140,2999,41,0.012893082,0.072,2069.124604,160483.32
Dhar,Madhya Pradesh,"2,185,793",964,3729,144,3531,54,0.014481094,0.072,2278.992521,157377.096
Thoothukkudi,Tamil Nadu,"1,750,176",1023,15998,87,15770,141,0.008813602,0.089,1372.856568,155765.664
Mau,Uttar Pradesh,"2,205,968",979,3031,49,2943,39,0.012867041,0.07,1986.899649,154417.76
Davanagere,Karnataka,"1,945,497",972,21951,143,21544,264,0.012026787,0.079,1848.448164,153694.263
Namakkal,Tamil Nadu,"1,726,601",986,11048,182,10758,108,0.009775525,0.089,1502.18038,153667.489
Raichur,Karnataka,"1,928,812",1000,14137,102,13877,158,0.011176346,0.079,1703.008552,152376.148
Sangrur,Punjab,"1,655,169",885,4341,40,4101,200,0.046072334,0.092,7015.689907,152275.548
Giridih,Jharkhand,"2,445,474",944,3406,6,3386,14,0.004110393,0.062,623.2152711,151619.388
Jamnagar,Gujarat,"2,160,119",939,10064,191,9838,35,0.003477742,0.07,525.86356,151208.33
Kangra,Himachal Pradesh,"1,510,075",1012,7463,729,6552,180,0.024118987,0.1,3642.147929,151007.5
Chhindwara,Madhya Pradesh,"2,090,922",964,2620,32,2548,40,0.015267176,0.072,2298.418141,150546.384
Balrampur,Uttar Pradesh,"2,148,665",928,2063,79,1951,33,0.015996122,0.07,2405.921523,150406.55
Kendujhar,Odisha,"1,801,733",988,7803,80,7686,37,0.004741766,0.083,709.1018913,149543.839
Supaul,Bihar,"2,229,076",929,5549,39,5493,17,0.003063615,0.067,457.5450549,149348.092
Dehradun,Uttarakhand,"1,696,694",902,26322,1565,23536,818,0.031076666,0.088,4640.028161,149309.072
Nawada,Bihar,"2,219,146",939,4117,159,3935,23,0.005586592,0.067,830.6300405,148682.782
Osmanabad,Maharashtra,"1,657,576",924,16739,252,15951,534,0.031901547,0.089,4706.252242,147524.264
Nandurbar,Maharashtra,"1,648,295",978,7870,374,7328,167,0.021219822,0.089,3112.910859,146698.255
Anand,Gujarat,"2,092,745",925,2196,85,2094,17,0.007741348,0.07,1134.046712,146492.15
Gwalior,Madhya Pradesh,"2,032,036",864,15708,341,15174,193,0.012286733,0.072,1797.630032,146306.592
Hoshiarpur,Punjab,"1,586,625",961,7617,185,7129,303,0.039779441,0.092,5806.585113,145969.5
Dharwad,Karnataka,"1,847,023",971,21782,127,21049,606,0.027821137,0.079,4059.516114,145914.817
Udham Singh Nagar,Uttarakhand,"1,648,902",920,10961,186,10557,108,0.009853116,0.088,1429.720396,145103.376
Pudukkottai,Tamil Nadu,"1,618,345",1015,11361,64,11143,154,0.013555145,0.089,1952.384201,144032.705
Nagapattinam,Tamil Nadu,"1,616,450",1025,8029,114,7788,127,0.015817661,0.089,2275.592773,143864.05
Ratnagiri,Maharashtra,"1,615,069",1122,11089,454,10259,374,0.033727117,0.089,4847.97428,143741.141
Ujjain,Madhya Pradesh,"1,986,864",955,4511,222,4188,101,0.022389714,0.072,3202.942804,143054.208
Mandya,Karnataka,"1,805,769",995,19300,202,18951,147,0.00761658,0.079,1086.54894,142655.751
Pilibhit,Uttar Pradesh,"2,031,007",895,4113,65,3971,77,0.018721128,0.07,2661.591941,142170.49
Morena,Madhya Pradesh,"1,965,970",840,3182,24,3132,26,0.008170962,0.072,1156.598364,141549.84
Puri,Odisha,"1,698,730",963,13987,121,13749,117,0.00836491,0.083,1179.407056,140994.59
Hassan,Karnataka,"1,776,421",1010,27842,262,27187,393,0.014115365,0.079,1980.911634,140337.259
Jhansi,Uttar Pradesh,"1,998,603",890,10012,188,9647,177,0.017678785,0.07,2473.301092,139902.21
Churu,Rajasthan,"2,039,547",940,4268,129,4099,40,0.009372071,0.068,1299.804992,138689.196
Kasaragod,Kerala,"1,307,375",1080,23748,1630,22030,84,0.00353714,0.106,490.1830512,138581.75
Pali,Rajasthan,"2,037,573",987,10529,310,10111,108,0.010257384,0.068,1421.211471,138554.964
Faridabad,Haryana,"1,809,733",873,45178,664,44117,397,0.008787463,0.076,1208.625095,137539.708
Balangir,Odisha,"1,648,997",987,8375,105,8232,38,0.004537313,0.083,621.0072886,136866.751
Chandauli,Uttar Pradesh,"1,952,756",918,4621,144,4419,58,0.012551396,0.07,1715.686969,136692.92
Banka,Bihar,"2,034,763",907,3403,101,3283,19,0.005583309,0.067,761.1676082,136329.121
Bidar,Karnataka,"1,703,300",956,7223,66,6982,171,0.023674374,0.079,3185.640338,134560.7
Madhepura,Bihar,"2,001,762",911,4777,39,4721,17,0.003558719,0.067,477.288467,134118.054
Dharmapuri,Tamil Nadu,"1,506,843",946,6337,80,6204,53,0.008363579,0.089,1121.631442,134109.027
Ganganagar,Rajasthan,"1,969,168",887,6496,71,6384,41,0.006311576,0.068,845.1416372,133903.424
Kota,Rajasthan,"1,951,014",911,18048,578,17306,164,0.009086879,0.068,1205.546714,132668.952
Hisar,Haryana,"1,743,931",872,16848,115,16420,313,0.018577873,0.076,2462.288177,132538.756
Farrukhabad,Uttar Pradesh,"1,885,204",874,4556,73,4401,82,0.017998244,0.07,2375.125311,131964.28
Chitradurga,Karnataka,"1,659,456",974,14171,176,13927,68,0.004798532,0.079,629.0732648,131097.024
Kalahandi,Odisha,"1,576,869",1003,6275,41,6205,29,0.004621514,0.083,604.8643393,130880.127
Mainpuri,Uttar Pradesh,"1,868,529",881,3719,109,3539,71,0.019091154,0.07,2497.066242,130797.03
Sonbhadra,Uttar Pradesh,"1,862,559",918,4945,220,4653,72,0.014560162,0.07,1898.341254,130379.13
Bokaro,Jharkhand,"2,062,330",922,6419,77,6283,59,0.009191463,0.062,1175.261453,127864.46
Bathinda,Punjab,"1,388,525",868,9010,202,8607,201,0.022308546,0.092,2849.789593,127744.3
Saharsa,Bihar,"1,900,661",906,6675,61,6602,12,0.001797753,0.067,228.933574,127344.287
Pathanamthitta,Kerala,"1,197,412",1132,27512,4782,22682,46,0.001671998,0.106,212.2194697,126925.672
Haveri,Karnataka,"1,597,668",950,10946,40,10716,190,0.017357939,0.079,2190.845671,126215.772
Banda,Uttar Pradesh,"1,799,410",863,3660,122,3500,38,0.010382514,0.07,1307.767966,125958.7
Bhadrak,Odisha,"1,506,337",981,7377,30,7319,28,0.003795581,0.083,474.5462,125025.971
Shivpuri,Madhya Pradesh,"1,726,050",877,3447,64,3355,28,0.008123006,0.072,1009.491444,124275.6
Bhiwani,Haryana,"1,634,445",886,6213,60,6016,137,0.022050539,0.076,2739.069884,124217.82
Etah,Uttar Pradesh,"1,774,480",873,2486,83,2376,27,0.010860821,0.07,1349.061675,124213.6
Bargarh,Odisha,"1,481,255",977,10041,92,9909,40,0.003983667,0.083,489.768613,122944.165
Surendranagar,Gujarat,"1,756,268",930,3387,223,3152,12,0.003542958,0.07,435.5668633,122938.76
Bhind,Madhya Pradesh,"1,703,005",837,1442,21,1411,10,0.006934813,0.072,850.3215273,122616.36
Balaghat,Madhya Pradesh,"1,701,698",1021,2949,115,2821,13,0.004408274,0.072,540.1116755,122522.256
Banswara,Rajasthan,"1,797,485",980,2029,231,1766,32,0.015771316,0.068,1927.711868,122228.98
Janjgir Champa,Chhattisgarh,"1,619,707",986,18269,214,17849,206,0.011275932,0.075,1369.777949,121478.025
Kolar,Karnataka,"1,536,401",979,9635,115,9345,175,0.018162948,0.079,2204.540146,121375.679
Dhubri,Assam,"1,949,258",953,1723,497,1215,11,0.006384214,0.062,771.5577732,120853.996
Hanumangarh,Rajasthan,"1,774,692",906,2920,96,2812,12,0.004109589,0.068,495.9413211,120679.056
Ramanathapuram,Tamil Nadu,"1,353,445",983,6295,23,6140,132,0.020969023,0.089,2525.857321,120456.605
Palamu,Jharkhand,"1,939,869",928,3439,45,3374,20,0.005815644,0.062,699.4584257,120271.878
Sant Kabir Nagar,Uttar Pradesh,"1,715,183",972,3223,78,3101,44,0.013651877,0.07,1639.082714,120062.81
Kendrapara,Odisha,"1,440,361",1007,8948,124,8795,29,0.003240948,0.083,387.4552135,119549.963
Valsad,Gujarat,"1,705,678",922,1348,17,1322,9,0.006676558,0.07,797.1640667,119397.46
Sonitpur,Assam,"1,924,110",956,2548,802,1727,19,0.007456829,0.062,889.5610733,119294.82
Sivaganga,Tamil Nadu,"1,339,101",1003,6476,44,6306,126,0.019456455,0.089,2318.820093,119179.989
Dakshin Dinajpur,West Bengal,"1,676,276",956,8050,89,7889,72,0.008944099,0.071,1064.487273,119015.596
Jalaun,Uttar Pradesh,"1,689,974",865,3858,115,3698,45,0.011664075,0.07,1379.838844,118298.18
Jamui,Bihar,"1,760,405",922,3132,27,3095,10,0.003192848,0.067,376.5872741,117947.135
Idukki,Kerala,"1,108,974",1006,15557,2985,12554,16,0.001028476,0.106,120.8986332,117551.244
Kannauj,Uttar Pradesh,"1,656,616",879,3432,41,3344,47,0.013694639,0.07,1588.073066,115963.12
Wardha,Maharashtra,"1,300,774",946,9247,483,8515,245,0.026495079,0.089,3067.30578,115768.886
West Tripura,Tripura,"1,725,739",962,11559,85,11273,190,0.016437408,0.067,1900.567295,115624.513
Gautam Buddha Nagar,Uttar Pradesh,"1,648,115",851,24716,542,24085,89,0.003600906,0.07,415.4295035,115368.05
Rajnandgaon,Chhattisgarh,"1,537,133",1015,17795,1232,16402,161,0.009047485,0.075,1043.039082,115284.975
Koraput,Odisha,"1,379,647",1032,7848,48,7784,16,0.002038736,0.083,233.4570885,114510.701
Karnal,Haryana,"1,505,324",887,10639,265,10229,145,0.0136291,0.076,1559.232061,114404.624
Buxar,Bihar,"1,706,352",922,3956,49,3890,17,0.00429727,0.067,491.2879024,114325.584
Uttara Kannada,Karnataka,"1,437,169",979,14161,100,13886,175,0.012357884,0.079,1403.069055,113536.351
Betul,Madhya Pradesh,"1,575,362",971,3136,80,2989,67,0.021364796,0.072,2423.324718,113426.064
Kishanganj,Bihar,"1,690,400",950,4256,116,4127,13,0.003054511,0.067,345.9441414,113256.8
Dewas,Madhya Pradesh,"1,563,715",942,2683,105,2552,26,0.009690645,0.072,1091.0453,112587.48
Thiruvarur,Tamil Nadu,"1,264,277",1017,10844,111,10624,109,0.010051641,0.089,1131.017209,112520.653
Raigarh,Chhattisgarh,"1,493,984",991,20825,381,20168,276,0.013253301,0.075,1485.016473,112048.8
Kaushambi,Uttar Pradesh,"1,599,596",908,2245,21,2198,26,0.011581292,0.07,1296.777185,111971.72
Khagaria,Bihar,"1,666,886",886,3049,29,3008,12,0.003935717,0.067,439.546235,111681.362
Rajgarh,Madhya Pradesh,"1,545,814",956,2220,106,2055,59,0.026576577,0.072,2957.936026,111298.608
Dausa,Rajasthan,"1,634,409",905,2369,109,2237,23,0.009708738,0.068,1079.027316,111139.812
Theni,Tamil Nadu,"1,245,899",991,16827,77,16547,203,0.012063945,0.089,1337.710674,110885.011
Etawah,Uttar Pradesh,"1,581,810",870,5667,137,5427,103,0.018175401,0.07,2012.502174,110726.7
Hamirpur,Himachal Pradesh,"1,104,285",861,2717,219,2454,43,0.015826279,0.1,1747.672251,110428.5
Sonipat,Haryana,"1,450,001",856,14393,275,14040,78,0.005419301,0.076,597.2073821,110200.076
Koppal,Karnataka,"1,389,920",986,13849,94,13476,279,0.020145859,0.079,2212.089455,109803.68
Kaimur,Bihar,"1,626,384",920,2030,33,1987,10,0.004926108,0.067,536.7867966,108967.728
Shajapur,Madhya Pradesh,"1,512,681",938,1649,68,1559,22,0.013341419,0.072,1453.054394,108913.032
Bharuch,Gujarat,"1,551,019",925,3756,131,3607,18,0.004792332,0.07,520.309859,108571.33
Cachar,Assam,"1,736,617",959,6216,4678,1498,40,0.006435006,0.062,692.8587305,107670.254
Hazaribagh,Jharkhand,"1,734,495",947,4335,68,4232,35,0.008073818,0.062,868.247811,107538.69
Jammu,Jammu and Kashmir,"1,529,958",880,23243,851,22042,350,0.015058297,0.07,1612.699337,107097.06
Bhandara,Maharashtra,"1,200,334",982,12457,635,11559,261,0.020952075,0.089,2238.304431,106829.726
Washim,Maharashtra,"1,197,160",930,6732,240,6342,148,0.021984551,0.089,2342.393232,106547.24
Amreli,Gujarat,"1,514,190",964,3715,162,3521,32,0.008613728,0.07,912.997456,105993.3
Bastar,Chhattisgarh,"1,413,199",1023,7531,161,7287,83,0.011021113,0.075,1168.12694,105989.925
Vidisha,Madhya Pradesh,"1,458,875",896,3383,121,3202,60,0.017735738,0.072,1862.944184,105039
Barpeta,Assam,"1,693,622",953,1121,84,1024,13,0.011596789,0.062,1217.715773,105004.564
Hingoli,Maharashtra,"1,177,345",942,4141,77,3969,95,0.022941319,0.089,2403.876402,104783.705
Ratlam,Madhya Pradesh,"1,455,069",971,4229,263,3891,75,0.017734689,0.072,1857.974126,104764.968
Tikamgarh,Madhya Pradesh,"1,445,166",901,1236,47,1162,27,0.02184466,0.072,2272.979514,104051.952
Tarn Taran,Punjab,"1,119,627",900,2095,11,1981,103,0.049164678,0.092,5064.241286,103005.684
Jind,Haryana,"1,334,152",871,4631,182,4361,88,0.019002375,0.076,1926.756302,101395.552
Nabarangapur,Odisha,"1,220,946",1019,5792,34,5743,15,0.002589779,0.083,262.4443658,101338.518
Mandi,Himachal Pradesh,"999,777",1007,9397,1076,8206,115,0.012237948,0.1,1223.521894,99977.7
Barwani,Madhya Pradesh,"1,385,881",982,2648,118,2508,22,0.008308157,0.072,829.0164191,99783.432
Seoni,Madhya Pradesh,"1,379,131",982,1465,41,1414,10,0.006825939,0.072,677.7982137,99297.432
Karauli,Rajasthan,"1,458,248",861,1484,55,1409,20,0.013477089,0.068,1336.399789,99160.864
Chikkaballapura,Karnataka,"1,255,104",972,12803,204,12482,116,0.009060376,0.079,898.3654186,99153.216
Dhenkanal,Odisha,"1,192,811",947,5688,12,5648,28,0.004922644,0.083,487.3580647,99003.313
Sirsa,Haryana,"1,295,189",897,7892,93,7687,112,0.014191586,0.076,1396.939742,98434.364
Gandhinagar,Gujarat,"1,391,753",923,7921,325,7492,104,0.013129655,0.07,1279.126571,97422.71
Tonk,Rajasthan,"1,421,326",952,3335,231,3070,34,0.010194903,0.068,985.3390877,96650.168
Auraiya,Uttar Pradesh,"1,379,545",864,3448,106,3296,46,0.013341067,0.07,1288.322159,96568.15
Mandsaur,Madhya Pradesh,"1,340,411",963,2556,110,2413,33,0.012910798,0.072,1246.015847,96509.592
Jhalawar,Rajasthan,"1,411,129",946,3313,129,3162,22,0.006640507,0.068,637.2016162,95956.772
Raisen,Madhya Pradesh,"1,331,597",901,2302,52,2208,42,0.018245004,0.072,1749.239467,95874.984
Gadchiroli,Maharashtra,"1,072,942",982,8380,263,8026,85,0.010143198,0.089,968.5926202,95491.838
Karur,Tamil Nadu,"1,064,493",1015,5096,85,4962,49,0.009615385,0.089,910.9603922,94739.877
Dungarpur,Rajasthan,"1,388,552",994,4500,486,3980,34,0.007555556,0.068,713.4072029,94421.536
Sehore,Madhya Pradesh,"1,311,332",918,2614,84,2482,48,0.018362663,0.072,1733.727427,94415.904
Kamrup,Assam,"1,517,542",949,4590,2482,2074,34,0.007407407,0.062,696.9451765,94087.604
Patan,Gujarat,"1,343,734",935,4111,87,3972,52,0.012648991,0.07,1189.781549,94061.38
Navsari,Gujarat,"1,329,672",961,1555,23,1524,8,0.005144695,0.07,478.8529823,93077.04
Katni,Madhya Pradesh,"1,292,042",952,2080,57,2006,17,0.008173077,0.072,760.3170302,93027.024
Udupi,Karnataka,"1,177,361",1094,22990,74,22728,188,0.008177468,0.079,760.5987203,93011.519
Yadgir,Karnataka,"1,174,271",989,10567,39,10467,61,0.005772689,0.079,535.5174015,92767.409
Deoghar,Jharkhand,"1,492,073",925,3584,19,3542,23,0.006417411,0.062,593.6652323,92508.526
Yamunanagar,Haryana,"1,214,205",877,6301,194,5973,134,0.021266466,0.076,1962.460551,92279.58
Munger,Bihar,"1,367,765",876,4132,64,4018,50,0.012100678,0.067,1108.909218,91640.255
Panipat,Haryana,"1,205,437",864,10409,315,9949,145,0.013930253,0.076,1276.195221,91613.212
Moga,Punjab,"995,746",893,2728,34,2603,91,0.033357771,0.092,3055.859768,91608.632
Baghpat,Uttar Pradesh,"1,303,048",861,2246,133,2079,34,0.015138023,0.07,1380.789942,91213.36
Damoh,Madhya Pradesh,"1,264,219",910,2585,144,2367,74,0.028626692,0.072,2605.709371,91023.768
Sawai Madhopur,Rajasthan,"1,335,551",897,2046,183,1838,25,0.012218964,0.068,1109.695372,90817.468
Korba,Chhattisgarh,"1,206,640",969,15647,71,15473,103,0.006582732,0.075,595.7240805,90498
Guna,Madhya Pradesh,"1,241,519",912,1410,82,1305,23,0.016312057,0.072,1458.124466,89389.368
Hoshangabad,Madhya Pradesh,"1,241,350",914,3513,55,3399,59,0.016794762,0.072,1501.068802,89377.2
Wayanad,Kerala,"817,420",1035,15565,2529,12987,48,0.003083842,0.106,267.2041775,86646.52
Srinagar,Jammu and Kashmir,"1,236,829",900,24931,639,23848,444,0.017809153,0.07,1541.881383,86578.03
Sambalpur,Odisha,"1,041,099",976,9193,180,8937,76,0.00826716,0.083,714.3753567,86411.217
Ambala,Haryana,"1,128,350",885,11338,241,10956,141,0.012436056,0.076,1066.449008,85754.6
Ramanagara,Karnataka,"1,082,636",976,7364,52,7236,76,0.010320478,0.079,882.6923606,85528.244
Lalitpur,Uttar Pradesh,"1,221,592",906,3268,79,3143,46,0.014075887,0.07,1203.649367,85511.44
Singrauli,Madhya Pradesh,"1,178,273",920,1834,81,1727,26,0.014176663,0.072,1202.686505,84835.656
Gadag,Karnataka,"1,064,570",982,10885,37,10707,141,0.012953606,0.079,1089.411607,84101.03
Nainital,Uttarakhand,"954,605",934,10755,1030,9469,200,0.018596002,0.088,1562.161611,84005.24
Baran,Rajasthan,"1,222,755",929,2322,220,2069,33,0.014211886,0.068,1181.680517,83147.34
Tinsukia,Assam,"1,327,929",952,3366,1526,1798,42,0.012477718,0.062,1027.310462,82331.598
Dibrugarh,Assam,"1,326,335",961,9486,6975,2409,102,0.010752688,0.062,884.2233192,82232.77
Garhwa,Jharkhand,"1,322,784",935,2781,37,2732,12,0.004314995,0.062,353.8839935,82012.608
Dumka,Jharkhand,"1,321,442",977,1369,15,1340,14,0.010226443,0.062,837.84638,81929.404
North Goa,Goa,"818,008",963,2668,1639,964,65,0.024362819,0.1,1992.898084,81800.8
Kaithal,Haryana,"1,074,304",881,3724,52,3624,48,0.012889366,0.076,1052.379406,81647.104
Godda,Jharkhand,"1,313,551",938,2069,9,2050,10,0.004833253,0.062,393.6209073,81440.162
Shimla,Himachal Pradesh,"814,010",915,9856,704,8873,241,0.02445211,0.1,1990.426206,81401
Sidhi,Madhya Pradesh,"1,127,033",957,1919,66,1840,13,0.006774362,0.072,549.714926,81146.376
Rohtak,Haryana,"1,061,204",867,11978,192,11642,144,0.01202204,0.076,969.5956071,80651.504
Rayagada,Odisha,"967,911",1051,8355,22,8289,44,0.005266308,0.083,423.0773477,80336.613
Nayagarh,Odisha,"962,789",915,6423,2,6375,46,0.007161762,0.083,572.307051,79911.487
Palwal,Haryana,"1,042,708",880,4333,34,4275,24,0.005538888,0.076,438.933655,79245.808
Rajsamand,Rajasthan,"1,156,597",990,3700,354,3306,40,0.010810811,0.068,850.2551068,78648.596
Shrawasti,Uttar Pradesh,"1,117,361",881,1276,27,1231,18,0.014106583,0.07,1103.350198,78215.27
Kamrup Metropolitan,Assam,"1,253,938",936,50003,34484,15370,149,0.002979821,0.062,231.6636687,77744.156
Mahasamund,Chhattisgarh,"1,032,754",1017,7622,407,7101,114,0.014956704,0.075,1158.494691,77456.55
Hamirpur,Uttar Pradesh,"1,104,285",861,1551,19,1511,21,0.013539652,0.07,1046.614423,77299.95
Shahdol,Madhya Pradesh,"1,066,063",974,2893,70,2793,30,0.010369858,0.072,795.9543789,76756.536
Karimganj,Assam,"1,228,686",963,1200,219,955,26,0.021666667,0.062,1650.534885,76178.532
Puducherry,Puducherry,"950,289",1029,30332,188,29629,515,0.016978768,0.08,1290.778917,76023.12
Mandla,Madhya Pradesh,"1,054,905",1008,1172,35,1127,10,0.008532423,0.072,648.0644893,75953.16
Sindhudurg,Maharashtra,"849,651",1036,5951,403,5393,154,0.025878004,0.089,1956.867206,75618.939
Bundi,Rajasthan,"1,110,906",925,2763,259,2487,17,0.006152733,0.068,464.7873444,75541.608
Anantnag,Jammu and Kashmir,"1,078,692",927,4752,108,4561,83,0.01746633,0.07,1318.855331,75508.44
Jehanabad,Bihar,"1,125,313",922,4405,99,4287,19,0.00431328,0.067,325.2039338,75395.971
Kapurthala,Punjab,"815,168",912,4664,103,4367,194,0.041595197,0.092,3119.450766,74995.456
Jhabua,Madhya Pradesh,"1,025,048",990,2284,99,2159,26,0.011383538,0.072,840.1444459,73803.456
Kurukshetra,Haryana,"964,655",888,8479,211,8147,121,0.014270551,0.076,1046.228036,73313.78
Panna,Madhya Pradesh,"1,016,520",905,1003,41,958,4,0.003988036,0.072,291.8821215,73189.44
Jhajjar,Haryana,"958,405",862,5762,131,5545,86,0.014925373,0.076,1087.14596,72838.78
Fatehabad,Haryana,"942,011",902,4633,111,4407,115,0.02482193,0.076,1777.072364,71592.836
Sivasagar,Assam,"1,151,050",954,529,22,473,34,0.064272212,0.062,4586.792837,71365.1
Sahibganj,Jharkhand,"1,150,567",952,1629,24,1596,9,0.005524862,0.062,394.1168816,71335.154
Mansa,Punjab,"769,751",883,2377,44,2282,51,0.021455616,0.092,1519.424332,70817.092
Sirohi,Rajasthan,"1,036,346",940,3541,133,3381,27,0.007624965,0.068,537.3429345,70471.528
Mahendragarh,Haryana,"922,088",895,6557,57,6481,19,0.002897667,0.076,203.0647016,70078.688
Chitrakoot,Uttar Pradesh,"991,730",879,2121,48,2060,13,0.006129184,0.07,425.4946954,69421.1
Rewari,Haryana,"900,332",898,11249,205,10971,73,0.006489466,0.076,444.0432166,68425.232
Jorhat,Assam,"1,092,256",962,8771,6965,1752,54,0.006156653,0.062,416.9277531,67719.872
Ariyalur,Tamil Nadu,"754,894",1015,4625,10,4567,48,0.010378378,0.089,697.2772001,67185.566
Lakhisarai,Bihar,"1,000,912",902,3663,108,3546,9,0.002457002,0.067,164.7692667,67061.104
Golaghat,Assam,"1,066,888",964,3803,2101,1656,46,0.012095714,0.062,800.0958713,66147.056
Chatra,Jharkhand,"1,042,886",953,1397,23,1363,11,0.007874016,0.062,509.1254651,64658.932
Lakhimpur,Assam,"1,042,137",968,3006,1847,1135,24,0.007984032,0.062,515.8682197,64612.494
South Goa,Goa,"640,537",986,3511,1978,1407,126,0.035887212,0.1,2298.708711,64053.7
Jashpur,Chhattisgarh,"851,669",1005,3229,271,2937,21,0.006503561,0.075,415.416097,63875.175
Gumla,Jharkhand,"1,025,213",993,2247,33,2210,4,0.001780151,0.062,113.1521047,63563.206
Rupnagar,Punjab,"684,627",915,3291,201,2930,160,0.048617442,0.092,3062.202839,62985.684
Goalpara,Assam,"1,008,183",964,658,38,568,10,0.015197568,0.062,949.9596413,62507.346
Mahoba,Uttar Pradesh,"875,958",878,1442,41,1390,11,0.007628294,0.07,467.7445609,61317.06
Kupwara,Jammu and Kashmir,"870,354",835,5476,144,5242,90,0.016435354,0.07,1001.320327,60924.78
Kandhamal,Odisha,"733,110",1037,5921,7,5881,33,0.005573383,0.083,339.1299333,60848.13
Ashoknagar,Madhya Pradesh,"845,071",904,1068,62,990,16,0.014981273,0.072,911.5372336,60845.112
Pratapgarh,Uttar Pradesh,"867,848",983,5225,181,4978,66,0.012631579,0.07,767.36034,60749.36
Pauri Garhwal,Uttarakhand,"687,271",1103,4910,209,4620,57,0.011608961,0.088,702.1081967,60479.848
Dhamtari,Chhattisgarh,"799,781",1010,7573,534,6934,105,0.013865047,0.075,831.6750866,59983.575
Neemuch,Madhya Pradesh,"826,067",954,2857,95,2725,37,0.012950648,0.072,770.2634118,59476.824
Morigaon,Assam,"957,423",967,638,72,557,9,0.014106583,0.062,837.369955,59360.226
Karbi Anglong,Assam,"956,313",951,632,69,552,11,0.017405063,0.062,1031.970657,59291.406
Pratapgarh,Rajasthan,"867,848",983,1164,88,1057,19,0.016323024,0.068,963.2814538,59013.664
Baksa,Assam,"950,075",974,687,233,447,7,0.010189229,0.062,600.192968,58904.65
Ramgarh,Jharkhand,"949,443",921,4406,70,4309,27,0.006128007,0.062,360.7279877,58865.466
South Tripura,Tripura,"876,001",957,4041,28,3987,23,0.00569166,0.067,334.0552901,58692.067
Solan,Himachal Pradesh,"580,320",880,6205,850,5289,66,0.010636583,0.1,617.2621847,58032
Darrang,Assam,"928,500",954,1967,219,1730,18,0.009150991,0.062,526.7950989,57567
Faridkot,Punjab,"617,508",890,3838,73,3692,73,0.019020323,0.092,1080.558549,56810.736
Datia,Madhya Pradesh,"786,754",873,1798,51,1727,20,0.011123471,0.072,630.1033418,56646.288
Tapi,Gujarat,"807,022",1007,1021,14,1001,6,0.005876592,0.07,331.977732,56491.54
Shahid Bhagat Singh Nagar,Punjab,"612,310",954,2337,66,2190,81,0.03465982,0.092,1952.475003,56332.52
Fatehgarh Sahib,Punjab,"600,163",871,2482,35,2336,111,0.044721998,0.092,2469.324941,55214.996
Kokrajhar,Assam,"887,142",959,408,43,353,12,0.029411765,0.062,1617.729546,55002.804
Barnala,Punjab,"595,527",876,2262,43,2155,64,0.028293546,0.092,1550.160492,54788.484
Almora,Uttarakhand,"622,506",1139,3021,317,2598,22,0.007282357,0.088,398.9313615,54780.528
Burhanpur,Madhya Pradesh,"757,847",951,841,7,807,27,0.032104637,0.072,1751.789004,54564.984
Tehri Garhwal,Uttarakhand,"618,931",1077,4053,278,3650,16,0.003947693,0.088,215.0147627,54465.928
Anuppur,Madhya Pradesh,"749,237",976,1979,17,1948,14,0.00707428,0.072,381.6224874,53945.064
Sirmaur,Himachal Pradesh,"529,855",918,3117,188,2902,27,0.008662175,0.1,458.9696735,52985.5
Alirajpur,Madhya Pradesh,"728,999",1011,1221,53,1155,13,0.010647011,0.072,558.8395468,52487.928
Una,Himachal Pradesh,"521,173",976,2642,167,2441,34,0.012869039,0.1,670.6995663,52117.3
Chamba,Himachal Pradesh,"519,080",986,2767,196,2519,49,0.01770871,0.1,919.2237187,51908
Imphal West,Manipur,"517,992",1031,8426,8283,52,91,0.010799905,0.1,559.4264391,51799.2
Udalguri,Assam,"831,668",973,758,84,666,8,0.01055409,0.062,544.2049332,51563.416
Malkangiri,Odisha,"613,192",1020,5218,22,5169,27,0.005174396,0.083,263.3505533,50894.936
Dindori,Madhya Pradesh,"704,524",1002,942,21,920,1,0.001061571,0.072,53.8489618,50725.728
Nuapada,Odisha,"610,382",1021,7246,86,7134,26,0.003588187,0.083,181.7836749,50661.706
Subarnapur,Odisha,"610,183",960,4683,1,4661,21,0.004484305,0.083,227.1084743,50645.189
Perambalur,Tamil Nadu,"565,223",1003,2253,2,2230,21,0.009320905,0.089,468.8866999,50304.847
Sheopur,Madhya Pradesh,"687,861",901,1378,53,1311,14,0.010159652,0.072,503.1668437,49525.992
Jamtara,Jharkhand,"791,042",954,1240,13,1223,4,0.003225806,0.062,158.2083779,49044.604
Jharsuguda,Odisha,"579,505",953,7413,71,7316,26,0.003507352,0.083,168.6998257,48098.915
Gajapati,Odisha,"577,817",1043,3975,12,3930,33,0.008301887,0.083,398.1486296,47958.811
Senapati,Manipur,"479,148",937,471,449,21,1,0.002123142,0.1,101.7299243,47914.8
Nalbari,Assam,"771,639",949,948,104,828,16,0.016877637,0.062,807.4534621,47841.618
Arwal,Bihar,"700,843",928,2269,37,2221,11,0.004847951,0.067,227.642719,46956.481
North Tripura,Tripura,"693,947",967,2751,29,2700,15,0.005452563,0.067,253.5139123,46494.449
Chandigarh,Chandigarh,"1,055,450",818,19309,361,18634,314,0.016261847,0.044,755.1969223,46439.8
Umaria,Madhya Pradesh,"644,758",950,1199,33,1150,16,0.013344454,0.072,619.48393,46422.576
Bongaigaon,Assam,"738,804",966,1303,463,834,6,0.004604758,0.062,210.924845,45805.848
Imphal East,Manipur,"456,113",1017,5366,5146,150,70,0.013045099,0.1,595.003924,45611.3
Jaisalmer,Rajasthan,"669,919",852,2104,170,1909,25,0.011882129,0.068,541.2843505,45554.492
Hamirpur,Himachal Pradesh,"454,768",1095,2717,219,2454,43,0.015826279,0.1,719.7285248,45476.8
Latehar,Jharkhand,"726,978",967,1867,12,1849,6,0.003213712,0.062,144.8504712,45072.636
Rajouri,Jammu and Kashmir,"642,415",860,3805,219,3532,54,0.014191853,0.07,638.1941471,44969.05
Sheohar,Bihar,"656,246",893,1422,37,1384,1,0.000703235,0.067,30.92017544,43968.482
Kodagu,Karnataka,"554,519",1019,5656,114,5472,70,0.012376238,0.079,542.1658704,43807.001
Kullu,Himachal Pradesh,"437,903",942,4320,213,4023,82,0.018981481,0.1,831.2047474,43790.3
Kathua,Jammu and Kashmir,"616,435",890,3132,75,3009,48,0.01532567,0.07,661.3095571,43150.45
Panchkula,Haryana,"561,293",873,9826,261,9425,140,0.014247914,0.076,607.7913339,42658.268
Sheikhpura,Bihar,"636,342",930,2971,6,2953,12,0.004039044,0.067,172.2042936,42634.914
Pithoragarh,Uttarakhand,"483,439",1020,3060,353,2676,31,0.010130719,0.088,430.9874503,42542.632
Dhemaji,Assam,"686,133",953,765,317,440,8,0.010457516,0.062,444.8653032,42540.246
Thoubal,Manipur,"422,168",1002,2255,2192,23,40,0.017738359,0.1,748.8567542,42216.8
Narmada,Gujarat,"590,297",961,1908,59,1848,1,0.000524109,0.07,21.65659793,41320.79
East Khasi Hills,Meghalaya,"825,922",1011,8216,204,7903,109,0.013266796,0.05,547.8669343,41296.1
Harda,Madhya Pradesh,"570,465",935,1997,53,1912,32,0.016024036,0.072,658.1629222,41073.48
Porbandar,Gujarat,"585,449",950,686,8,674,4,0.005830904,0.07,238.9587841,40981.43
Hailakandi,Assam,"659,296",951,1632,509,1116,7,0.004289216,0.062,175.327503,40876.352
Pulwama,Jammu and Kashmir,"560,440",912,5471,181,5202,88,0.016084811,0.07,631.0200034,39230.8
Udhampur,Jammu and Kashmir,"554,985",870,4054,116,3881,57,0.014060187,0.07,546.2235018,38848.95
Bilaspur,Himachal Pradesh,"381,956",981,2779,236,2519,23,0.008276358,0.1,316.1204596,38195.6
Simdega,Jharkhand,"599,578",997,2008,12,1991,5,0.00249004,0.062,92.56433859,37173.836
Chamoli,Uttarakhand,"391,605",1019,3330,229,3029,14,0.004204204,0.088,144.8820831,34461.24
Punch,Jammu and Kashmir,"476,835",893,2437,30,2385,22,0.009027493,0.07,301.3237237,33378.45
Khunti,Jharkhand,"531,885",997,2104,26,2073,5,0.002376426,0.062,78.36709127,32976.87
West Garo Hills,Meghalaya,"643,291",984,1704,21,1667,16,0.009389671,0.05,302.0145424,32164.55
Hamirpur,Uttar Pradesh,"454,768",1095,1551,19,1511,21,0.013539652,0.07,431.0180323,31833.76
Chirang,Assam,"482,162",969,280,53,219,8,0.028571429,0.062,854.1155557,29894.044
Kulgam,Jammu and Kashmir,"424,483",951,2650,70,2527,53,0.02,0.07,594.2762,29713.81
Uttarkashi,Uttarakhand,"330,086",958,3498,274,3126,13,0.003716409,0.088,107.9526431,29047.568
Doda,Jammu and Kashmir,"409,936",919,3356,90,3205,61,0.0181764,0.07,521.5812497,28695.52
Bilaspur,Chhattisgarh,"381,956",981,17417,303,16927,187,0.010736637,0.075,307.5692191,28646.7
Lohardaga,Jharkhand,"461,790",985,1761,35,1716,10,0.005678592,0.062,162.583654,28630.98
Bandipora,Jammu and Kashmir,"392,232",889,4623,79,4485,59,0.012762276,0.07,350.4041128,27456.24
Churachandpur,Manipur,"274,143",975,1404,1322,58,24,0.017094017,0.1,468.6205102,27414.3
Dhalai,Tripura,"378,230",944,3463,12,3431,19,0.005486572,0.067,139.0374705,25341.41
Bishnupur,Manipur,"237,399",999,1261,1182,58,21,0.01665345,0.1,395.3512377,23739.9
Bageshwar,Uttarakhand,"259,898",1090,1458,151,1291,16,0.010973937,0.088,250.9851765,22871.024
Champawat,Uttarakhand,"259,648",980,1661,190,1392,8,0.004816376,0.088,110.0494908,22849.024
Aizawl,Mizoram,"400,309",1009,2726,62,2657,7,0.002567865,0.056,57.56461034,22417.304
Samba,Jammu and Kashmir,"318,898",886,2708,241,2429,38,0.014032496,0.07,313.2454437,22322.86
Reasi,Jammu and Kashmir,"314,667",890,1615,65,1536,14,0.008668731,0.07,190.9434504,22026.69
Rudraprayag,Uttarakhand,"242,285",1114,2166,115,2035,10,0.004616805,0.088,98.43526875,21321.08
Ganderbal,Jammu and Kashmir,"297,446",874,4441,108,4290,43,0.009682504,0.07,201.6015459,20821.22
Ramban,Jammu and Kashmir,"283,713",902,2083,36,2026,21,0.010081613,0.07,200.2199268,19859.91
West Khasi Hills,Meghalaya,"383,461",980,173,5,167,1,0.005780347,0.05,110.826882,19173.05
Bijapur,Chhattisgarh,"255,230",984,3969,30,3911,28,0.007054674,0.075,135.0423334,19142.25
Dimapur,Nagaland,"378,811",919,6385,111,6152,50,0.007830854,0.05,148.3206817,18940.55
Ukhrul,Manipur,"183,998",943,534,514,18,2,0.003745318,0.1,68.91310214,18399.8
Kishtwar,Jammu and Kashmir,"230,696",920,2714,56,2637,21,0.007737657,0.07,124.9532563,16148.72
Karaikal,Puducherry,"200,222",1047,3744,45,3638,61,0.016292735,0.08,260.973119,16017.76
East Garo Hills,Meghalaya,"317,917",972,338,4,333,1,0.00295858,0.05,47.02914389,15895.85
Chandel,Manipur,"144,182",933,348,335,4,9,0.025862069,0.1,372.8844833,14418.2
Tamenglong,Manipur,"140,651",943,1322,1285,32,5,0.003782148,0.1,53.19628983,14065.1
Kohima,Nagaland,"267,988",928,3703,117,3536,21,0.005671078,0.05,75.98904255,13399.4
Dima Hasao,Assam,"214,102",932,237,36,199,2,0.008438819,0.062,112.0196176,13274.324
Mon,Nagaland,"250,260",899,603,13,579,2,0.00331675,0.05,41.50249275,12513
East Sikkim,Sikkim,"283,583",873,1477,368,1106,3,0.002031144,0.04,23.03991636,11343.32
Narayanpur,Chhattisgarh,"139,820",994,1912,43,1867,2,0.001046025,0.075,10.96914116,10486.5
Tuensang,Nagaland,"196,596",929,244,3,240,1,0.004098361,0.05,40.28606896,9829.8
Mokokchung,Nagaland,"194,622",925,172,47,118,1,0.005813953,0.05,56.57615804,9731.1
Kinnaur,Himachal Pradesh,"84,121",819,1292,62,1214,16,0.012383901,0.1,104.1746136,8412.1
Changlang,Arunachal Pradesh,"148,226",926,1272,3,1265,4,0.003144654,0.05,23.30597419,7411.3
South Garo Hills,Meghalaya,"142,334",945,198,2,195,1,0.005050505,0.05,35.94292893,7116.7
West Siang,Arunachal Pradesh,"112,274",930,1029,4,1022,3,0.002915452,0.05,16.36647289,5613.7
Tirap,Arunachal Pradesh,"111,975",944,586,5,579,2,0.003412969,0.05,19.10836019,5598.75
East Siang,Arunachal Pradesh,"99,214",980,1120,18,1098,4,0.003571429,0.05,17.71678784,4960.7
Yanam,Puducherry,"55,626",1038,2092,8,2039,45,0.021510516,0.08,95.72351704,4450.08
West Kameng,Arunachal Pradesh,"83,947",819,916,10,902,4,0.004366812,0.05,18.32903835,4197.35
Upper Subansiri,Arunachal Pradesh,"83,448",998,441,1,438,2,0.004535147,0.05,18.92244734,4172.4
Kiphire,Nagaland,"74,004",956,39,4,34,1,0.025641026,0.05,94.87692441,3700.2
Serchhip,Mizoram,"64,937",977,176,4,171,1,0.005681818,0.056,20.66177207,3636.472
Mahe,Puducherry,"41,816",1184,1717,123,1586,8,0.004659289,0.08,15.58662631,3345.28
Tawang,Arunachal Pradesh,"49,977",714,465,40,423,2,0.004301075,0.05,10.74774126,2498.85
Hyderabad,Telangana,"3,943,323",954,77517,77189,305,23,0.000296709,0,0,0
Kargil,Ladakh,"140,802",810,2087,20,2024,43,0.020603737,0,0,0
Leh,Ladakh,"133,487",690,7254,226,6945,83,0.011441963,0,0,0
