District,State,State No,Population,Confirmed,Active,Recovered,Deceased,Aged
Thane,Maharashtra,17,11060148,251880,10009,236285,5527,984353.172
Pune,Maharashtra,17,9429408,369065,13639,347678,7713,839217.312
Solapur,Maharashtra,17,4317756,52790,1038,49998,1740,384280.284
Ludhiana,Punjab,24,3498739,24515,437,23124,954,321883.988
Kolhapur,Maharashtra,17,3876001,49049,529,46860,1657,344964.089
Nagpur,Maharashtra,17,4653570,122888,4601,115105,3166,414167.73
Jalgaon,Maharashtra,17,4229917,55780,547,53778,1435,376462.613
Nanded,Maharashtra,17,3361292,21117,556,19907,649,299154.988
Nashik,Maharashtra,17,6107187,113524,2227,109430,1866,543539.643
Sangli,Maharashtra,17,2822143,49977,265,47946,1763,251170.727
Amritsar,Punjab,24,2490656,14321,539,13240,542,229140.352
Satara,Maharashtra,17,3003741,54111,855,51507,1739,267332.949
Surat,Gujarat,8,6081322,48350,1153,46241,956,425692.54
Aurangabad,Maharashtra,17,3701282,47419,1017,45191,1196,329414.098
Kanpur Nagar,Uttar Pradesh,30,4581268,32037,641,30580,816,320688.76
Kolkata,West Bengal,32,4496694,121313,3842,114574,2897,319265.274
Chennai,Tamil Nadu,27,4646732,223509,2982,216551,3976,413559.148
Yavatmal,Maharashtra,17,2772348,13481,495,12588,394,246738.972
Sangrur,Punjab,24,1655169,4341,40,4101,200,152275.548
Gurdaspur,Punjab,24,2298323,7833,134,7453,246,211445.716
Jalandhar,Punjab,24,2193590,19669,487,18554,628,201810.28
Latur,Maharashtra,17,2454196,23094,407,22006,677,218423.444
Durg,Chhattisgarh,6,3343872,21929,1458,19925,546,250790.4
Paschim Medinipur,West Bengal,32,5913457,19613,579,18744,290,419855.447
Murshidabad,West Bengal,32,7103807,11785,358,11282,145,504370.297
Parbhani,Maharashtra,17,1836086,7529,215,7027,276,163411.654
Madurai,Tamil Nadu,27,3038252,20392,223,19719,450,270404.428
Vellore,Tamil Nadu,27,3936331,20094,217,19538,339,350333.459
Hoshiarpur,Punjab,24,1586625,7617,185,7129,303,145969.5
Aurangabad,Maharashtra,17,2540073,47419,1017,45191,1196,226066.497
Kancheepuram,Tamil Nadu,27,3998252,28496,284,27779,433,355844.428
Akola,Maharashtra,17,1813906,10360,531,9479,345,161437.634
Hardoi,Uttar Pradesh,30,4092845,5766,104,5556,106,286499.15
Thiruvallur,Tamil Nadu,27,3728104,42359,466,41221,672,331801.256
Patiala,Punjab,24,1895686,15573,254,14850,469,174403.112
Agra,Uttar Pradesh,30,4418797,10117,228,9719,170,309315.79
Sagar,Madhya Pradesh,16,2378458,4872,196,4529,147,171248.976
Moradabad,Uttar Pradesh,30,4772006,11456,275,11005,176,334040.42
Azamgarh,Uttar Pradesh,30,4613913,5938,150,5694,94,322973.91
Tarn Taran,Punjab,24,1119627,2095,11,1981,103,103005.684
Gorakhpur,Uttar Pradesh,30,4440895,20817,294,20186,337,310862.65
Amravati,Maharashtra,17,2888445,19596,445,18771,378,257071.605
Varanasi,Uttar Pradesh,30,3676841,22114,696,20993,425,257378.87
Sitapur,Uttar Pradesh,30,4483992,4709,104,4531,74,313879.44
Purba Medinipur,West Bengal,32,5095875,19818,661,18890,267,361807.125
Krishna,Andhra Pradesh,1,4517398,47420,674,46084,662,347839.646
Ratnagiri,Maharashtra,17,1615069,11089,454,10259,374,143741.141
Nadia,West Bengal,32,5167600,21194,688,20226,280,366899.6
Rae Bareli,Uttar Pradesh,30,3405559,5099,222,4774,103,238389.13
Meerut,Uttar Pradesh,30,3443689,21335,1016,19896,423,241058.23
Osmanabad,Maharashtra,17,1657576,16739,252,15951,534,147524.264
Jaunpur,Uttar Pradesh,30,4494204,6539,189,6253,97,314594.28
Jalna,Maharashtra,17,1959046,12635,175,12122,337,174355.094
Dehradun,Uttarakhand,31,1696694,26322,1565,23536,818,149309.072
Sivasagar,Assam,3,1151050,529,22,473,34,71365.1
Lucknow,Uttar Pradesh,30,4589838,76975,2884,72994,1097,321288.66
Salem,Tamil Nadu,27,3482056,31287,337,30494,456,309902.984
Bahraich,Uttar Pradesh,30,3487731,4031,75,3882,74,244141.17
Sultanpur,Uttar Pradesh,30,3797117,4724,259,4390,75,265798.19
Raipur,Chhattisgarh,6,4063872,51473,6474,44297,702,304790.4
Dharwad,Karnataka,13,1847023,21782,127,21049,606,145914.817
Dhule,Maharashtra,17,2050862,15551,307,14898,343,182526.718
Ghazipur,Uttar Pradesh,30,3620268,5057,91,4886,80,253418.76
Unnao,Uttar Pradesh,30,3108367,4492,182,4228,82,217585.69
Jaipur,Rajasthan,25,6626178,56361,3881,51986,494,450580.104
Ambedkar Nagar,Uttar Pradesh,30,2397888,1853,66,1744,43,167852.16
Coimbatore,Tamil Nadu,27,3458045,51696,948,50106,642,307766.005
Tirunelveli,Tamil Nadu,27,3077233,15205,128,14866,211,273873.737
Indore,Madhya Pradesh,16,3276697,53011,3925,48235,851,235922.184
Dakshina Kannada,Karnataka,13,2089649,32693,339,31618,734,165082.271
Kangra,Himachal Pradesh,10,1510075,7463,729,6552,180,151007.5
Muzaffarnagar,Uttar Pradesh,30,4143512,8067,381,7585,101,290045.84
Pratapgarh,Rajasthan,25,3209141,1164,88,1057,19,218221.588
Bareilly,Uttar Pradesh,30,4448359,13842,330,13354,158,311385.13
Bijnor,Uttar Pradesh,30,3682713,4225,129,4038,58,257789.91
Dindigul,Tamil Nadu,27,2159775,10808,135,10476,197,192219.975
Shahjahanpur,Uttar Pradesh,30,3006538,6786,72,6603,111,210457.66
Ganjam,Odisha,22,3529031,21782,18,21510,254,292909.573
Basti,Uttar Pradesh,30,2464464,4996,65,4834,97,172512.48
Guntur,Andhra Pradesh,1,4887813,74423,487,73274,662,376361.601
Saharanpur,Uttar Pradesh,30,3466382,9608,474,9003,131,242646.74
Chandrapur,Maharashtra,17,2204307,22930,788,21758,383,196183.323
Tiruvannamalai,Tamil Nadu,27,2464875,19072,109,18683,280,219373.875
Fatehpur,Uttar Pradesh,30,2632733,3725,137,3523,65,184291.31
Gonda,Uttar Pradesh,30,3433919,5009,74,4868,67,240374.33
Ujjain,Madhya Pradesh,16,1986864,4511,222,4188,101,143054.208
Bidar,Karnataka,13,1703300,7223,66,6982,171,134560.7
Chittoor,Andhra Pradesh,1,4174064,85711,406,84466,839,321402.928
Firozabad,Uttar Pradesh,30,2498156,3792,52,3672,68,174870.92
Kapurthala,Punjab,24,815168,4664,103,4367,194,74995.456
Nandurbar,Maharashtra,17,1648295,7870,374,7328,167,146698.255
Visakhapatnam,Andhra Pradesh,1,4290589,58980,268,58163,549,330375.353
Wardha,Maharashtra,17,1300774,9247,483,8515,245,115768.886
Rupnagar,Punjab,24,684627,3291,201,2930,160,62985.684
Moga,Punjab,24,995746,2728,34,2603,91,91608.632
Budaun,Uttar Pradesh,30,3681896,3814,94,3675,45,257732.72
Patna,Bihar,4,5838465,47442,2040,45035,367,391177.155
Jalpaiguri,West Bengal,32,3872846,14150,437,13558,155,274972.066
Ballia,Uttar Pradesh,30,3239774,7692,183,7407,102,226784.18
Tiruchirappalli,Tamil Nadu,27,2722290,14010,205,13632,173,242283.81
Deoria,Uttar Pradesh,30,3100946,6680,106,6482,92,217066.22
Barabanki,Uttar Pradesh,30,3260699,7620,82,7439,99,228248.93
Rajgarh,Madhya Pradesh,16,1545814,2220,106,2055,59,111298.608
Maharajganj,Uttar Pradesh,30,2684703,5745,12,5643,90,187929.21
Mathura,Uttar Pradesh,30,2547184,6602,225,6268,109,178302.88
Thanjavur,Tamil Nadu,27,2405890,16970,187,16551,232,214124.21
Bathinda,Punjab,24,1388525,9010,202,8607,201,127744.3
Vadodara,Gujarat,8,4165626,23892,1801,21858,233,291593.82
Pratapgarh,Uttar Pradesh,30,3209141,5225,181,4978,66,224639.87
Tiruppur,Tamil Nadu,27,2479052,16787,416,16157,214,220635.628
Anantapur,Andhra Pradesh,1,4081148,67223,159,66468,596,314248.396
Thiruvananthapuram,Kerala,14,3301427,79740,3391,75651,629,349951.262
Jabalpur,Madhya Pradesh,16,2463289,15242,445,14560,237,177356.808
Bhiwani,Haryana,9,1634445,6213,60,6016,137,124217.82
Kushinagar,Uttar Pradesh,30,3564544,5613,71,5482,60,249518.08
Pilibhit,Uttar Pradesh,30,2031007,4113,65,3971,77,142170.49
Cuddalore,Tamil Nadu,27,2605914,24571,101,24189,281,231926.346
Raigarh,Chhattisgarh,6,2634200,20825,381,20168,276,197565
Damoh,Madhya Pradesh,16,1264219,2585,144,2367,74,91023.768
Rajkot,Gujarat,8,3804558,19589,1347,18054,188,266319.06
Bhopal,Madhya Pradesh,16,2371061,37992,2030,35399,563,170716.392
Ramanathapuram,Tamil Nadu,27,1353445,6295,23,6140,132,120456.605
Kurnool,Andhra Pradesh,1,4053463,60517,92,59938,487,312116.651
Mainpuri,Uttar Pradesh,30,1868529,3719,109,3539,71,130797.03
Krishnagiri,Tamil Nadu,27,1879809,7781,85,7580,116,167303.001
Jhansi,Uttar Pradesh,30,1998603,10012,188,9647,177,139902.21
Fatehgarh Sahib,Punjab,24,600163,2482,35,2336,111,55214.996
Hisar,Haryana,9,1743931,16848,115,16420,313,132538.756
Prakasam,Andhra Pradesh,1,3397448,61970,155,61237,578,261603.496
Virudhunagar,Tamil Nadu,27,1942288,16261,94,15939,228,172863.632
Betul,Madhya Pradesh,16,1575362,3136,80,2989,67,113426.064
Balrampur,Uttar Pradesh,30,2148665,2063,79,1951,33,150406.55
Hingoli,Maharashtra,17,1177345,4141,77,3969,95,104783.705
Bhavnagar,Gujarat,8,2880365,5714,97,5549,68,201625.55
Uttar Dinajpur,West Bengal,32,3007134,6333,160,6102,71,213506.514
Farrukhabad,Uttar Pradesh,30,1885204,4556,73,4401,82,131964.28
Washim,Maharashtra,17,1197160,6732,240,6342,148,106547.24
Ajmer,Rajasthan,25,2583052,16290,295,15779,216,175647.536
Sivaganga,Tamil Nadu,27,1339101,6476,44,6306,126,119179.989
Dhanbad,Jharkhand,12,2684487,7339,51,7186,102,166438.194
Bharatpur,Rajasthan,25,2548462,8890,176,8596,118,173295.416
South Goa,Goa,7,640537,3511,1978,1407,126,64053.7
Chhindwara,Madhya Pradesh,16,2090922,2620,32,2548,40,150546.384
Dhar,Madhya Pradesh,16,2185793,3729,144,3531,54,157377.096
Nagapattinam,Tamil Nadu,27,1616450,8029,114,7788,127,143864.05
Tikamgarh,Madhya Pradesh,16,1445166,1236,47,1162,27,104051.952
Viluppuram,Tamil Nadu,27,3458873,14916,84,14722,110,307839.697
Gaya,Bihar,4,4391418,7713,150,7504,59,294225.006
Bhandara,Maharashtra,17,1200334,12457,635,11559,261,106829.726
Birbhum,West Bengal,32,3502404,9417,350,8983,84,248670.684
Koppal,Karnataka,13,1389920,13849,94,13476,279,109803.68
Kolar,Karnataka,13,1536401,9635,115,9345,175,121375.679
Bilaspur,Himachal Pradesh,10,2663629,2779,236,2519,23,266362.9
Haveri,Karnataka,13,1597668,10946,40,10716,190,126215.772
Mirzapur,Uttar Pradesh,30,2496970,3357,149,3166,42,174787.9
Nagaur,Rajasthan,25,3307743,9271,217,8964,90,224926.524
Bilaspur,Chhattisgarh,6,2663629,17417,303,16927,187,199772.175
Erode,Tamil Nadu,27,2251744,13445,304,12998,143,200405.216
Darbhanga,Bihar,4,3937385,4007,37,3938,32,263804.795
Satna,Madhya Pradesh,16,2228935,3180,140,2999,41,160483.32
Udaipur,Rajasthan,25,3068420,11008,319,10581,108,208652.56
East Godavari,Andhra Pradesh,1,5154296,123454,429,122389,636,396880.792
Vaishali,Bihar,4,3495021,5343,86,5210,46,234166.407
Etawah,Uttar Pradesh,30,1581810,5667,137,5427,103,110726.7
Bankura,West Bengal,32,3596674,11177,416,10673,88,255363.854
Sundargarh,Odisha,22,2093437,14444,375,13902,167,173755.271
North Goa,Goa,7,818008,2668,1639,964,65,81800.8
Shimla,Himachal Pradesh,10,814010,9856,704,8873,241,81401
Mau,Uttar Pradesh,30,2205968,3031,49,2943,39,154417.76
Hassan,Karnataka,13,1776421,27842,262,27187,393,140337.259
Saran,Bihar,4,3951862,7002,250,6700,52,264774.754
Yamunanagar,Haryana,9,1214205,6301,194,5973,134,92279.58
Sindhudurg,Maharashtra,17,849651,5951,403,5393,154,75618.939
Sikar,Rajasthan,25,2677333,8850,176,8579,95,182058.644
Shahid Bhagat Singh Nagar,Punjab,24,612310,2337,66,2190,81,56332.52
Pudukkottai,Tamil Nadu,27,1618345,11361,64,11143,154,144032.705
Surguja,Chhattisgarh,6,2359886,7156,573,6505,78,176991.45
Banswara,Rajasthan,25,1797485,2029,231,1766,32,122228.98
Jind,Haryana,9,1334152,4631,182,4361,88,101395.552
West Tripura,Tripura,29,1725739,11559,85,11273,190,115624.513
Sonbhadra,Uttar Pradesh,30,1862559,4945,220,4653,72,130379.13
Samastipur,Bihar,4,4261566,5148,71,5043,34,285524.922
Vidisha,Madhya Pradesh,16,1458875,3383,121,3202,60,105039
Ratlam,Madhya Pradesh,16,1455069,4229,263,3891,75,104764.968
Davanagere,Karnataka,13,1945497,21951,143,21544,264,153694.263
Haridwar,Uttarakhand,31,1890422,13181,434,12488,145,166357.136
Gwalior,Madhya Pradesh,16,2032036,15708,341,15174,193,146306.592
Fatehabad,Haryana,9,942011,4633,111,4407,115,71592.836
Burhanpur,Madhya Pradesh,16,757847,841,7,807,27,54564.984
Raisen,Madhya Pradesh,16,1331597,2302,52,2208,42,95874.984
Hamirpur,Himachal Pradesh,10,1104285,2717,219,2454,43,110428.5
Sehore,Madhya Pradesh,16,1311332,2614,84,2482,48,94415.904
West Godavari,Andhra Pradesh,1,3936966,93721,240,92948,533,303146.382
Chandauli,Uttar Pradesh,30,1952756,4621,144,4419,58,136692.92
Raichur,Karnataka,13,1928812,14137,102,13877,158,152376.148
Barmer,Rajasthan,25,2603751,4898,154,4697,47,177055.068
Karimganj,Assam,3,1228686,1200,219,955,26,76178.532
Sant Kabir Nagar,Uttar Pradesh,30,1715183,3223,78,3101,44,120062.81
Bhagalpur,Bihar,4,3037766,9315,146,9094,75,203530.322
Jodhpur,Rajasthan,25,3687165,43239,1423,41534,282,250727.22
Kokrajhar,Assam,3,887142,408,43,353,12,55002.804
Jammu,Jammu and Kashmir,11,1529958,23243,851,22042,350,107097.06
Kannauj,Uttar Pradesh,30,1656616,3432,41,3344,47,115963.12
Malappuram,Kerala,14,4112920,87415,5173,81914,318,435969.52
Srikakulam,Andhra Pradesh,1,2703114,45889,163,45380,346,208139.778
Nainital,Uttarakhand,31,954605,10755,1030,9469,200,84005.24
Karnal,Haryana,9,1505324,10639,265,10229,145,114404.624
Bhojpur,Bihar,4,2728407,4934,66,4826,42,182803.269
Rampur,Uttar Pradesh,30,2335819,5360,89,5220,51,163507.33
Barnala,Punjab,24,595527,2262,43,2155,64,54788.484
Srinagar,Jammu and Kashmir,11,1236829,24931,639,23848,444,86578.03
Mansa,Punjab,24,769751,2377,44,2282,51,70817.092
Rewa,Madhya Pradesh,16,2365106,3737,184,3520,33,170287.632
Namakkal,Tamil Nadu,27,1726601,11048,182,10758,108,153667.489
Hoshangabad,Madhya Pradesh,16,1241350,3513,55,3399,59,89377.2
Siwan,Bihar,4,3330464,4623,80,4512,31,223141.088
Raigarh,Chhattisgarh,6,1493984,20825,381,20168,276,112048.8
Guna,Madhya Pradesh,16,1241519,1410,82,1305,23,89389.368
Shajapur,Madhya Pradesh,16,1512681,1649,68,1559,22,108913.032
Thrissur,Kerala,14,3121200,71491,6435,64735,313,330847.2
Udham Singh Nagar,Uttarakhand,31,1648902,10961,186,10557,108,145103.376
Pali,Rajasthan,25,2037573,10529,310,10111,108,138554.964
Uttara Kannada,Karnataka,13,1437169,14161,100,13886,175,113536.351
Bikaner,Rajasthan,25,2363937,18954,97,18692,165,160747.716
Sirsa,Haryana,9,1295189,7892,93,7687,112,98434.364
Baghpat,Uttar Pradesh,30,1303048,2246,133,2079,34,91213.36
Mayurbhanj,Odisha,22,2519738,13790,101,13598,91,209138.254
Jalaun,Uttar Pradesh,30,1689974,3858,115,3698,45,118298.18
Thoothukkudi,Tamil Nadu,27,1750176,15998,87,15770,141,155765.664
Janjgir Champa,Chhattisgarh,6,1619707,18269,214,17849,206,121478.025
Etah,Uttar Pradesh,30,1774480,2486,83,2376,27,124213.6
Rohtas,Bihar,4,2959918,6657,60,6552,45,198314.506
Theni,Tamil Nadu,27,1245899,16827,77,16547,203,110885.011
Karauli,Rajasthan,25,1458248,1484,55,1409,20,99160.864
Junagadh,Gujarat,8,2743082,4786,268,4485,33,192015.74
Nalanda,Bihar,4,2877653,8028,94,7879,55,192802.751
Anantnag,Jammu and Kashmir,11,1078692,4752,108,4561,83,75508.44
Kannur,Kerala,14,2523003,38243,3469,34578,188,267438.318
Ernakulam,Kerala,14,3282388,79260,8043,70907,299,347933.128
Banda,Uttar Pradesh,30,1799410,3660,122,3500,38,125958.7
Churu,Rajasthan,25,2039547,4268,129,4099,40,138689.196
Kaushambi,Uttar Pradesh,30,1599596,2245,21,2198,26,111971.72
Puducherry,Puducherry,23,950289,30332,188,29629,515,76023.12
Auraiya,Uttar Pradesh,30,1379545,3448,106,3296,46,96568.15
Gandhinagar,Gujarat,8,1391753,7921,325,7492,104,97422.71
Panipat,Haryana,9,1205437,10409,315,9949,145,91613.212
Aligarh,Uttar Pradesh,30,3673889,11094,175,10864,55,257172.23
Madhubani,Bihar,4,4487379,7553,62,7459,32,300654.393
Ranchi,Jharkhand,12,2914253,29973,748,29014,211,180683.686
Muzaffarpur,Bihar,4,4801062,11382,242,11095,45,321671.154
Ghaziabad,Uttar Pradesh,30,4681645,25714,957,24658,99,327715.15
Mandsaur,Madhya Pradesh,16,1340411,2556,110,2413,33,96509.592
Mandi,Himachal Pradesh,10,999777,9397,1076,8206,115,99977.7
Barpeta,Assam,3,1693622,1121,84,1024,13,105004.564
Faridabad,Haryana,9,1809733,45178,664,44117,397,137539.708
Kota,Rajasthan,25,1951014,18048,578,17306,164,132668.952
Lalitpur,Uttar Pradesh,30,1221592,3268,79,3143,46,85511.44
Singrauli,Madhya Pradesh,16,1178273,1834,81,1727,26,84835.656
Patan,Gujarat,8,1343734,4111,87,3972,52,94061.38
Baran,Rajasthan,25,1222755,2322,220,2069,33,83147.34
Puri,Odisha,22,1698730,13987,121,13749,117,140994.59
Bokaro,Jharkhand,12,2062330,6419,77,6283,59,127864.46
Bastar,Chhattisgarh,6,1413199,7531,161,7287,83,105989.925
Khordha,Odisha,22,2251673,52521,223,51971,327,186888.859
Mahasamund,Chhattisgarh,6,1032754,7622,407,7101,114,77456.55
Morena,Madhya Pradesh,16,1965970,3182,24,3132,26,141549.84
Bijapur,Chhattisgarh,6,2177331,3969,30,3911,28,163299.825
Anand,Gujarat,8,2092745,2196,85,2094,17,146492.15
Thiruvarur,Tamil Nadu,27,1264277,10844,111,10624,109,112520.653
Dharmapuri,Tamil Nadu,27,1506843,6337,80,6204,53,134109.027
Sawai Madhopur,Rajasthan,25,1335551,2046,183,1838,25,90817.468
Munger,Bihar,4,1367765,4132,64,4018,50,91640.255
Shrawasti,Uttar Pradesh,30,1117361,1276,27,1231,18,78215.27
Dewas,Madhya Pradesh,16,1563715,2683,105,2552,26,112587.48
Gadag,Karnataka,13,1064570,10885,37,10707,141,84101.03
Jhajjar,Haryana,9,958405,5762,131,5545,86,72838.78
Mandya,Karnataka,13,1805769,19300,202,18951,147,142655.751
Kozhikode,Kerala,14,3086293,82526,5315,76924,274,327147.058
Cuttack,Odisha,22,2624470,28610,222,28246,142,217831.01
Faridkot,Punjab,24,617508,3838,73,3692,73,56810.736
Dausa,Rajasthan,25,1634409,2369,109,2237,23,111139.812
Ambala,Haryana,9,1128350,11338,241,10956,141,85754.6
Dakshin Dinajpur,West Bengal,32,1676276,8050,89,7889,72,119015.596
Kaithal,Haryana,9,1074304,3724,52,3624,48,81647.104
Vizianagaram,Andhra Pradesh,1,2344474,40998,66,40694,238,180524.498
Hamirpur,Uttar Pradesh,30,1104285,1551,19,1511,21,77299.95
Kurukshetra,Haryana,9,964655,8479,211,8147,121,73313.78
Kollam,Kerala,14,2635375,56436,3779,52433,211,279349.75
Rajnandgaon,Chhattisgarh,6,1537133,17795,1232,16402,161,115284.975
Karbi Anglong,Assam,3,956313,632,69,552,11,59291.406
Tinsukia,Assam,3,1327929,3366,1526,1798,42,82331.598
Shivpuri,Madhya Pradesh,16,1726050,3447,64,3355,28,124275.6
Nagaon,Assam,3,2823768,4515,1983,2506,26,175073.616
Kupwara,Jammu and Kashmir,11,870354,5476,144,5242,90,60924.78
Tonk,Rajasthan,25,1421326,3335,231,3070,34,96650.168
Rohtak,Haryana,9,1061204,11978,192,11642,144,80651.504
Gadchiroli,Maharashtra,17,1072942,8380,263,8026,85,95491.838
Pratapgarh,Rajasthan,25,867848,1164,88,1057,19,59013.664
Goalpara,Assam,3,1008183,658,38,568,10,62507.346
Alappuzha,Kerala,14,2127789,55054,3806,50996,231,225545.634
Chamba,Himachal Pradesh,10,519080,2767,196,2519,49,51908
Amreli,Gujarat,8,1514190,3715,162,3521,32,105993.3
Ashoknagar,Madhya Pradesh,16,845071,1068,62,990,16,60845.112
Karur,Tamil Nadu,27,1064493,5096,85,4962,49,94739.877
Alwar,Rajasthan,25,3674179,21154,251,20826,77,249844.172
Kheda,Gujarat,8,2299885,2847,114,2717,16,160991.95
Chikkaballapura,Karnataka,13,1255104,12803,204,12482,116,99153.216
Sonitpur,Assam,3,1924110,2548,802,1727,19,119294.82
Dibrugarh,Assam,3,1326335,9486,6975,2409,102,82232.77
Ramanagara,Karnataka,13,1082636,7364,52,7236,76,85528.244
Hazaribagh,Jharkhand,12,1734495,4335,68,4232,35,107538.69
Chirang,Assam,3,482162,280,53,219,8,29894.044
Bhind,Madhya Pradesh,16,1703005,1442,21,1411,10,122616.36
Rajsamand,Rajasthan,25,1156597,3700,354,3306,40,78648.596
Ganganagar,Rajasthan,25,1969168,6496,71,6384,41,133903.424
Jhabua,Madhya Pradesh,16,1025048,2284,99,2159,26,73803.456
Begusarai,Bihar,4,2970541,7596,112,7452,32,199026.247
Dumka,Jharkhand,12,1321442,1369,15,1340,14,81929.404
Morigaon,Assam,3,957423,638,72,557,9,59360.226
Dhamtari,Chhattisgarh,6,799781,7573,534,6934,105,59983.575
Kullu,Himachal Pradesh,10,437903,4320,213,4023,82,43790.3
Nawada,Bihar,4,2219146,4117,159,3935,23,148682.782
Barwani,Madhya Pradesh,16,1385881,2648,118,2508,22,99783.432
Sabarkantha,Gujarat,8,2428589,2719,143,2563,13,170001.23
Nalbari,Assam,3,771639,948,104,828,16,47841.618
Golaghat,Assam,3,1066888,3803,2101,1656,46,66147.056
Valsad,Gujarat,8,1705678,1348,17,1322,9,119397.46
Shahdol,Madhya Pradesh,16,1066063,2893,70,2793,30,76756.536
Dhubri,Assam,3,1949258,1723,497,1215,11,120853.996
Neemuch,Madhya Pradesh,16,826067,2857,95,2725,37,59476.824
Pratapgarh,Uttar Pradesh,30,867848,5225,181,4978,66,60749.36
Palakkad,Kerala,14,2809934,46292,5245,40921,119,297853.004
Banka,Bihar,4,2034763,3403,101,3283,19,136329.121
Udupi,Karnataka,13,1177361,22990,74,22728,188,93011.519
Katni,Madhya Pradesh,16,1292042,2080,57,2006,17,93027.024
Chandigarh,Chandigarh,5,1055450,19309,361,18634,314,46439.8
Thoubal,Manipur,18,422168,2255,2192,23,40,42216.8
Sitamarhi,Bihar,4,3423574,4300,135,4151,14,229379.458
Aurangabad,Bihar,4,3701282,5083,75,4993,15,247985.894
Hamirpur,Himachal Pradesh,10,454768,2717,219,2454,43,45476.8
Sambalpur,Odisha,22,1041099,9193,180,8937,76,86411.217
Dungarpur,Rajasthan,25,1388552,4500,486,3980,34,94421.536
Kendujhar,Odisha,22,1801733,7803,80,7686,37,149543.839
Pauri Garhwal,Uttarakhand,31,687271,4910,209,4620,57,60479.848
Palamu,Jharkhand,12,1939869,3439,45,3374,20,120271.878
Ariyalur,Tamil Nadu,27,754894,4625,10,4567,48,67185.566
Kamrup,Assam,3,1517542,4590,2482,2074,34,94087.604
Cachar,Assam,3,1736617,6216,4678,1498,40,107670.254
Seoni,Madhya Pradesh,16,1379131,1465,41,1414,10,99297.432
Una,Himachal Pradesh,10,521173,2642,167,2441,34,52117.3
Bhilwara,Rajasthan,25,2408523,9326,350,8938,38,163779.564
Kathua,Jammu and Kashmir,11,616435,3132,75,3009,48,43150.45
Harda,Madhya Pradesh,16,570465,1997,53,1912,32,41073.48
Mandla,Madhya Pradesh,16,1054905,1172,35,1127,10,75953.16
Rajouri,Jammu and Kashmir,11,642415,3805,219,3532,54,44969.05
Jhalawar,Rajasthan,25,1411129,3313,129,3162,22,95956.772
Pulwama,Jammu and Kashmir,11,560440,5471,181,5202,88,39230.8
Datia,Madhya Pradesh,16,786754,1798,51,1727,20,56646.288
Chitradurga,Karnataka,13,1659456,14171,176,13927,68,131097.024
Giridih,Jharkhand,12,2445474,3406,6,3386,14,151619.388
Balangir,Odisha,22,1648997,8375,105,8232,38,136866.751
Umaria,Madhya Pradesh,16,644758,1199,33,1150,16,46422.576
Solan,Himachal Pradesh,10,580320,6205,850,5289,66,58032
Kottayam,Kerala,14,1974551,47849,6575,41133,139,209302.406
Panchkula,Haryana,9,561293,9826,261,9425,140,42658.268
Kalahandi,Odisha,22,1576869,6275,41,6205,29,130880.127
Baksa,Assam,3,950075,687,233,447,7,58904.65
Sonipat,Haryana,9,1450001,14393,275,14040,78,110200.076
Korba,Chhattisgarh,6,1206640,15647,71,15473,103,90498
Imphal East,Manipur,18,456113,5366,5146,150,70,45611.3
Kulgam,Jammu and Kashmir,11,424483,2650,70,2527,53,29713.81
Deoghar,Jharkhand,12,1492073,3584,19,3542,23,92508.526
Araria,Bihar,4,2811569,7118,28,7068,22,188375.123
Nayagarh,Odisha,22,962789,6423,2,6375,46,79911.487
Imphal West,Manipur,18,517992,8426,8283,52,91,51799.2
Alirajpur,Madhya Pradesh,16,728999,1221,53,1155,13,52487.928
Sidhi,Madhya Pradesh,16,1127033,1919,66,1840,13,81146.376
East Khasi Hills,Meghalaya,19,825922,8216,204,7903,109,41296.1
Udhampur,Jammu and Kashmir,11,554985,4054,116,3881,57,38848.95
Udalguri,Assam,3,831668,758,84,666,8,51563.416
Kodagu,Karnataka,13,554519,5656,114,5472,70,43807.001
Jaisalmer,Rajasthan,25,669919,2104,170,1909,25,45554.492
Balaghat,Madhya Pradesh,16,1701698,2949,115,2821,13,122522.256
Balrampur,Chhattisgarh,6,2148665,3297,193,3093,11,161149.875
Sirohi,Rajasthan,25,1036346,3541,133,3381,27,70471.528
Kaimur,Bihar,4,1626384,2030,33,1987,10,108967.728
Yadgir,Karnataka,13,1174271,10567,39,10467,61,92767.409
Darrang,Assam,3,928500,1967,219,1730,18,57567
Jamnagar,Gujarat,8,2160119,10064,191,9838,35,151208.33
Purnia,Bihar,4,3264619,9224,80,9122,22,218729.473
Doda,Jammu and Kashmir,11,409936,3356,90,3205,61,28695.52
Bharuch,Gujarat,8,1551019,3756,131,3607,18,108571.33
Lakhimpur,Assam,3,1042137,3006,1847,1135,24,64612.494
Chatra,Jharkhand,12,1042886,1397,23,1363,11,64658.932
Sheopur,Madhya Pradesh,16,687861,1378,53,1311,14,49525.992
Aurangabad,Bihar,4,2540073,5083,75,4993,15,170184.891
Hanumangarh,Rajasthan,25,1774692,2920,96,2812,12,120679.056
Buxar,Bihar,4,1706352,3956,49,3890,17,114325.584
Kasaragod,Kerala,14,1307375,23748,1630,22030,84,138581.75
Bargarh,Odisha,22,1481255,10041,92,9909,40,122944.165
Dhenkanal,Odisha,22,1192811,5688,12,5648,28,99003.313
Navsari,Gujarat,8,1329672,1555,23,1524,8,93077.04
Madhepura,Bihar,4,2001762,4777,39,4721,17,134118.054
Bhadrak,Odisha,22,1506337,7377,30,7319,28,125025.971
Perambalur,Tamil Nadu,27,565223,2253,2,2230,21,50304.847
Churachandpur,Manipur,18,274143,1404,1322,58,24,27414.3
Mahoba,Uttar Pradesh,30,875958,1442,41,1390,11,61317.06
Bundi,Rajasthan,25,1110906,2763,259,2487,17,75541.608
Sirmaur,Himachal Pradesh,10,529855,3117,188,2902,27,52985.5
Supaul,Bihar,4,2229076,5549,39,5493,17,149348.092
Gopalganj,Bihar,4,2562012,5698,81,5602,15,171654.804
Dhemaji,Assam,3,686133,765,317,440,8,42540.246
Rewari,Haryana,9,900332,11249,205,10971,73,68425.232
Khagaria,Bihar,4,1666886,3049,29,3008,12,111681.362
Palwal,Haryana,9,1042708,4333,34,4275,24,79245.808
Surendranagar,Gujarat,8,1756268,3387,223,3152,12,122938.76
Hamirpur,Uttar Pradesh,30,454768,1551,19,1511,21,31833.76
Pithoragarh,Uttarakhand,31,483439,3060,353,2676,31,42542.632
Chitrakoot,Uttar Pradesh,30,991730,2121,48,2060,13,69421.1
Rayagada,Odisha,22,967911,8355,22,8289,44,80336.613
Jorhat,Assam,3,1092256,8771,6965,1752,54,67719.872
Gautam Buddha Nagar,Uttar Pradesh,30,1648115,24716,542,24085,89,115368.05
Jashpur,Chhattisgarh,6,851669,3229,271,2937,21,63875.175
Almora,Uttarakhand,31,622506,3021,317,2598,22,54780.528
Gajapati,Odisha,22,577817,3975,12,3930,33,47958.811
Bishnupur,Manipur,18,237399,1261,1182,58,21,23739.9
Sahibganj,Jharkhand,12,1150567,1629,24,1596,9,71335.154
Godda,Jharkhand,12,1313551,2069,9,2050,10,81440.162
Kendrapara,Odisha,22,1440361,8948,124,8795,29,119549.963
Anuppur,Madhya Pradesh,16,749237,1979,17,1948,14,53945.064
Jamui,Bihar,4,1760405,3132,27,3095,10,117947.135
Chandel,Manipur,18,144182,348,335,4,9,14418.2
Ramgarh,Jharkhand,12,949443,4406,70,4309,27,58865.466
Garhwa,Jharkhand,12,1322784,2781,37,2732,12,82012.608
Bandipora,Jammu and Kashmir,11,392232,4623,79,4485,59,27456.24
Katihar,Bihar,4,3071029,7136,121,7003,12,205758.943
Kishanganj,Bihar,4,1690400,4256,116,4127,13,113256.8
Kandhamal,Odisha,22,733110,5921,7,5881,33,60848.13
South Tripura,Tripura,29,876001,4041,28,3987,23,58692.067
Tapi,Gujarat,8,807022,1021,14,1001,6,56491.54
Jehanabad,Bihar,4,1125313,4405,99,4287,19,75395.971
Bilaspur,Himachal Pradesh,10,381956,2779,236,2519,23,38195.6
Samba,Jammu and Kashmir,11,318898,2708,241,2429,38,22322.86
Bilaspur,Chhattisgarh,6,381956,17417,303,16927,187,28646.7
West Garo Hills,Meghalaya,19,643291,1704,21,1667,16,32164.55
Punch,Jammu and Kashmir,11,476835,2437,30,2385,22,33378.45
Panna,Madhya Pradesh,16,1016520,1003,41,958,4,73189.44
Wayanad,Kerala,14,817420,15565,2529,12987,48,86646.52
Malkangiri,Odisha,22,613192,5218,22,5169,27,50894.936
Nabarangapur,Odisha,22,1220946,5792,34,5743,15,101338.518
Karaikal,Puducherry,23,200222,3744,45,3638,61,16017.76
North Tripura,Tripura,29,693947,2751,29,2700,15,46494.449
Bageshwar,Uttarakhand,31,259898,1458,151,1291,16,22871.024
Porbandar,Gujarat,8,585449,686,8,674,4,40981.43
Koraput,Odisha,22,1379647,7848,48,7784,16,114510.701
Kamrup Metropolitan,Assam,3,1253938,50003,34484,15370,149,77744.156
Saharsa,Bihar,4,1900661,6675,61,6602,12,127344.287
Arwal,Bihar,4,700843,2269,37,2221,11,46956.481
Subarnapur,Odisha,22,610183,4683,1,4661,21,50645.189
Tehri Garhwal,Uttarakhand,31,618931,4053,278,3650,16,54465.928
Pathanamthitta,Kerala,14,1197412,27512,4782,22682,46,126925.672
Bongaigaon,Assam,3,738804,1303,463,834,6,45805.848
Mahendragarh,Haryana,9,922088,6557,57,6481,19,70078.688
Ganderbal,Jammu and Kashmir,11,297446,4441,108,4290,43,20821.22
Ramban,Jammu and Kashmir,11,283713,2083,36,2026,21,19859.91
Reasi,Jammu and Kashmir,11,314667,1615,65,1536,14,22026.69
Nuapada,Odisha,22,610382,7246,86,7134,26,50661.706
Hailakandi,Assam,3,659296,1632,509,1116,7,40876.352
Sheikhpura,Bihar,4,636342,2971,6,2953,12,42634.914
Jharsuguda,Odisha,22,579505,7413,71,7316,26,48098.915
Lakhisarai,Bihar,4,1000912,3663,108,3546,9,67061.104
Lohardaga,Jharkhand,12,461790,1761,35,1716,10,28630.98
Jamtara,Jharkhand,12,791042,1240,13,1223,4,49044.604
Dimapur,Nagaland,21,378811,6385,111,6152,50,18940.55
Chamoli,Uttarakhand,31,391605,3330,229,3029,14,34461.24
Latehar,Jharkhand,12,726978,1867,12,1849,6,45072.636
Dhalai,Tripura,29,378230,3463,12,3431,19,25341.41
Bijapur,Chhattisgarh,6,255230,3969,30,3911,28,19142.25
Kishtwar,Jammu and Kashmir,11,230696,2714,56,2637,21,16148.72
Idukki,Kerala,14,1108974,15557,2985,12554,16,117551.244
Gumla,Jharkhand,12,1025213,2247,33,2210,4,63563.206
Dima Hasao,Assam,3,214102,237,36,199,2,13274.324
West Khasi Hills,Meghalaya,19,383461,173,5,167,1,19173.05
Champawat,Uttarakhand,31,259648,1661,190,1392,8,22849.024
Uttarkashi,Uttarakhand,31,330086,3498,274,3126,13,29047.568
Kinnaur,Himachal Pradesh,10,84121,1292,62,1214,16,8412.1
Senapati,Manipur,18,479148,471,449,21,1,47914.8
Rudraprayag,Uttarakhand,31,242285,2166,115,2035,10,21321.08
Yanam,Puducherry,23,55626,2092,8,2039,45,4450.08
Kiphire,Nagaland,21,74004,39,4,34,1,3700.2
Simdega,Jharkhand,12,599578,2008,12,1991,5,37173.836
Khunti,Jharkhand,12,531885,2104,26,2073,5,32976.87
Kohima,Nagaland,21,267988,3703,117,3536,21,13399.4
Ukhrul,Manipur,18,183998,534,514,18,2,18399.8
Aizawl,Mizoram,20,400309,2726,62,2657,7,22417.304
Mokokchung,Nagaland,21,194622,172,47,118,1,9731.1
Dindori,Madhya Pradesh,16,704524,942,21,920,1,50725.728
Tamenglong,Manipur,18,140651,1322,1285,32,5,14065.1
East Garo Hills,Meghalaya,19,317917,338,4,333,1,15895.85
Mon,Nagaland,21,250260,603,13,579,2,12513
Tuensang,Nagaland,21,196596,244,3,240,1,9829.8
South Garo Hills,Meghalaya,19,142334,198,2,195,1,7116.7
Sheohar,Bihar,4,656246,1422,37,1384,1,43968.482
Changlang,Arunachal Pradesh,2,148226,1272,3,1265,4,7411.3
East Sikkim,Sikkim,26,283583,1477,368,1106,3,11343.32
Narmada,Gujarat,8,590297,1908,59,1848,1,41320.79
Serchhip,Mizoram,20,64937,176,4,171,1,3636.472
Tirap,Arunachal Pradesh,2,111975,586,5,579,2,5598.75
Upper Subansiri,Arunachal Pradesh,2,83448,441,1,438,2,4172.4
West Kameng,Arunachal Pradesh,2,83947,916,10,902,4,4197.35
East Siang,Arunachal Pradesh,2,99214,1120,18,1098,4,4960.7
West Siang,Arunachal Pradesh,2,112274,1029,4,1022,3,5613.7
Mahe,Puducherry,23,41816,1717,123,1586,8,3345.28
Narayanpur,Chhattisgarh,6,139820,1912,43,1867,2,10486.5
Tawang,Arunachal Pradesh,2,49977,465,40,423,2,2498.85
